game_date,player_name,yellow_card
2018-09-04,Harvey Gilmour,1
2018-10-09,Mark Ellis,1
2018-11-10,James Norwood,1
2018-11-20,Zoumana Bakayogo,1
2018-12-02,Steve McNulty,1
2018-12-02,Connor Jennings,1
2018-12-17,Jay Harris,1
2019-05-13,Oliver Banks,1
2019-05-25,David Perkins,1
2019-08-03,Oliver Banks,1
2019-08-03,Connor Jennings,1
2019-08-17,George Ray,1
2019-08-17,Morgan Ferrier,1
2019-08-20,George Ray,1
2019-08-20,Emmanuel Monthe,1
2019-08-20,Oliver Banks,1
2019-08-31,Sid Nelson,1
2019-08-31,Paul Mullin,1
2019-08-31,Stefan Payne,1
2019-09-07,Stefan Payne,1
2019-09-14,Calum Woods,1
2019-09-14,Sid Nelson,1
2019-09-17,Darren Potter,1
2019-09-21,Oliver Banks,1
2019-09-28,Darren Potter,1
2019-09-28,Stefan Payne,1
2019-10-05,Neil Danns,1
2019-10-05,Connor Jennings,1
2019-10-13,Scott Davies,1
2019-10-13,Stefan Payne,1
2019-10-18,Emmanuel Monthe,1
2019-10-22,George Ray,1
2019-10-22,Stefan Payne,1
2020-02-04,Andy Cook,1
2019-11-02,Emmanuel Monthe,1
2019-11-02,Connor Jennings,1
2019-11-17,Liam Ridehalgh,1
2019-11-17,Darren Potter,1
2019-12-14,Corey Taylor,1
2019-12-21,Sid Nelson,1
2019-12-21,David Perkins,1
2019-12-26,Neil Danns,1
2019-12-26,Kieron Morris,1
2020-01-01,Kieron Morris,1
2020-02-25,Kane Wilson,1
2020-02-25,Liam Ridehalgh,1
2020-02-25,James Vaughan,1
2020-01-11,Peter Clarke,1
2020-01-11,Emmanuel Monthe,1
2020-01-11,Neil Danns,1
2020-01-11,Morgan Ferrier,1
2020-01-18,Emmanuel Monthe,1
2020-01-18,David Perkins,1
2020-01-18,Neil Danns,1
2020-03-10,Alex Woodyard,1
2020-01-29,Emmanuel Monthe,1
2020-01-29,Kane Wilson,1
2020-01-29,Connor Jennings,1
2020-02-08,James Vaughan,1
2020-02-22,Scott Davies,1
2020-02-22,Peter Clarke,1
2020-02-22,Luke McCullough,1
2020-02-22,Andy Cook,1
2020-03-07,Scott Davies,1
2020-03-07,Liam Ridehalgh,1
2020-03-07,Connor Jennings,1
2019-08-13,George Ray,1
2019-11-20,Scott Davies,1
2019-11-20,Emmanuel Monthe,1
2019-11-20,Morgan Ferrier,1
2019-12-04,Sid Nelson,1
2019-12-04,Jacob Maddox,1
2019-12-04,Carl Spellman,1
2019-12-04,Connor Jennings,1
2019-12-04,Rushian Hepburn-Murphy,1
2020-01-04,Emmanuel Monthe,1
2020-01-04,Connor Jennings,1
2020-01-07,Paul Mullin,1
2020-01-23,Connor Jennings,1
2020-01-26,Scott Davies,1
2020-09-05,Jay Spearing,1
2020-09-08,Oliver Banks,1
2020-09-08,Calum MacDonald,1
2020-09-29,Calum MacDonald,1
2020-09-29,Paul Lewis,1
2020-09-19,Paul Lewis,1
2020-09-19,James Vaughan,1
2020-10-03,Scott Davies,1
2020-10-03,Kieron Morris,1
2020-10-10,Paul Lewis,1
2020-10-10,Otis Khan,1
2020-10-10,Kieron Morris,1
2020-10-17,Oliver Banks,1
2020-10-24,James Vaughan,1
2020-10-27,Calum MacDonald,1
2020-10-27,Sam Smith,1
2020-10-27,James Vaughan,1
2020-10-31,Otis Khan,1
2020-11-03,Emmanuel Monthe,1
2020-11-14,Scott Davies,1
2020-11-21,Emmanuel Monthe,1
2020-11-24,Emmanuel Monthe,1
2020-12-01,Jay Spearing,1
2020-12-12,Scott Davies,1
2020-12-12,Peter Clarke,1
2020-12-12,Calum MacDonald,1
2021-02-09,Jay Spearing,1
2020-12-29,Liam Feeney,1
2020-12-29,James Vaughan,1
2021-03-23,Otis Khan,1
2021-01-19,Scott Davies,1
2021-01-16,Jay Spearing,1
2021-01-16,James Vaughan,1
2021-01-23,Peter Clarke,1
2021-01-23,Emmanuel Monthe,1
2021-01-26,Calum MacDonald,1
2021-01-26,Paul Lewis,1
2021-01-26,James Vaughan,1
2021-01-30,Jay Spearing,1
2021-02-06,James Vaughan,1
2021-03-17,Liam Ridehalgh,1
2021-03-17,Corey Blackett-Taylor,1
2021-02-20,Peter Clarke,1
2021-02-20,Paul Lewis,1
2021-02-20,Kaiyne Woolery,1
2021-02-23,Paul Lewis,1
2021-02-27,Liam Feeney,1
2021-02-27,James Vaughan,1
2021-03-02,Jay Spearing,1
2021-03-06,Peter Clarke,1
2021-04-13,Jay Spearing,1
2021-04-13,Paul Lewis,1
2021-03-27,Otis Khan,1
2021-03-27,Jay Spearing,1
2021-04-02,Lee O'Connor,1
2021-04-05,Peter Clarke,1
2021-04-05,Paul Lewis,1
2021-04-10,Calum MacDonald,1
2021-04-17,Otis Khan,1
2021-04-17,Kaiyne Woolery,1
2021-04-20,Kaiyne Woolery,1
2021-04-20,Paul Lewis,1
2021-04-20,Danny Lloyd,1
2021-04-24,Peter Clarke,1
2021-05-08,Otis Khan,1
2020-12-08,Sid Nelson,1
2021-01-13,Otis Khan,1
2021-02-16,Calum MacDonald,1
2021-05-20,Lee O'Connor,1
2021-05-20,Jay Spearing,1
2021-05-20,James Vaughan,1
2021-05-23,Emmanuel Monthe,1
2021-05-23,James Vaughan,1
2021-08-07,Joe Murphy,1
2021-08-07,Tom Davies,1
2021-08-07,Callum McManaman,1
2021-08-14,Jay Spearing,1
2021-08-14,Emmanuel Dieseruvwe,1
2021-08-17,Joe Murphy,1
2021-08-17,Tom Davies,1
2021-08-17,Nathaniel Knight-Percival,1
2021-08-21,Peter Clarke,1
2021-08-28,Nathaniel Knight-Percival,1
2021-09-04,Peter Clarke,1
2021-09-11,Tom Davies,1
2021-09-11,Ryan Watson,1
2021-09-11,Callum McManaman,1
2021-09-18,Peter Clarke,1
2021-09-18,Josh Hawkes,1
2021-09-25,Calum MacDonald,1
2021-09-25,Sam Foley,1
2021-09-25,Josh Hawkes,1
2021-10-02,Josh Dacres-Cogley,1
2021-10-02,Chris Merrie,1
2021-10-16,Jay Spearing,1
2021-10-16,Josh Hawkes,1
2021-10-19,Josh Dacres-Cogley,1
2021-10-23,Jay Spearing,1
2021-10-30,Jay Spearing,1
2021-11-13,Nathaniel Knight-Percival,1
2021-11-13,Jay Spearing,1
2021-11-20,Tom Davies,1
2021-11-20,Nathaniel Knight-Percival,1
2021-11-20,Calum MacDonald,1
2021-12-11,Charlie Jolley,1
2021-12-18,Tom Davies,1
2021-12-26,Peter Clarke,1
2021-12-26,Jay Spearing,1
2021-12-26,Elliott Nevitt,1
2022-02-15,Calum MacDonald,1
2022-02-15,Sam Foley,1
2022-01-11,Tom Davies,1
2022-01-08,Lee O'Connor,1
2022-01-15,Ross Doohan,1
2022-01-15,Charlie Jolley,1
2022-01-22,Jay Spearing,1
2022-01-22,Kane Hemmings,1
2022-01-29,Peter Clarke,1
2022-02-05,Josh Dacres-Cogley,1
2022-02-08,Tom Davies,1
2022-02-12,Lewis Warrington,1
2022-02-19,Kieron Morris,1
2022-02-19,Kane Hemmings,1
2022-02-26,Calum MacDonald,1
2022-02-26,Lewis Warrington,1
2022-03-05,Callum McManaman,1
2022-03-05,Lee O'Connor,1
2022-03-05,Joshua McPake,1
2022-03-15,Joe Murphy,1
2022-03-15,Peter Clarke,1
2022-03-15,Joshua McPake,1
2022-03-19,Elliott Nevitt,1
2022-03-26,Tom Davies,1
2022-03-26,Peter Clarke,1
2022-03-26,Sam Foley,1
2022-04-02,Joe Murphy,1
2022-04-02,Josh Dacres-Cogley,1
2022-04-02,Tom Davies,1
2022-04-02,Peter Clarke,1
2022-04-02,Kane Hemmings,1
2022-04-09,Chris Merrie,1
2022-04-09,Kane Hemmings,1
2022-04-15,Peter Clarke,1
2022-04-15,Sam Foley,1
2022-04-18,Tom Davies,1
2022-04-18,Elliott Nevitt,1
2022-04-30,Lee O'Connor,1
2022-04-30,Lewis Warrington,1
2022-05-07,Tom Davies,1
2022-05-07,Lee O'Connor,1
2022-05-07,Lewis Warrington,1
2022-05-07,Kane Hemmings,1
2021-08-10,Sam Foley,1
2021-09-14,Chris Merrie,1
2021-09-14,Sam Foley,1
2021-10-05,Calum MacDonald,1
2021-10-05,Nathaniel Knight-Percival,1
2021-10-05,Chris Merrie,1
2021-11-06,Peter Clarke,1
2021-11-06,Elliott Nevitt,1
2021-12-04,Nathaniel Knight-Percival,1
2021-12-04,Josh Dacres-Cogley,1
2021-12-04,Jay Spearing,1
2022-07-30,Reece McAlear,1
2022-08-06,Kane Hemmings,1
2022-08-16,Jordan Turnbull,1
2022-08-16,Kyle Jameson,1
2022-08-27,Neill Byrne,1
2022-09-03,Neill Byrne,1
2022-11-01,Lee O'Connor,1
2022-09-13,Neill Byrne,1
2022-09-13,Reece McAlear,1
2022-09-13,Kane Hemmings,1
2022-09-17,Jordan Turnbull,1
2022-09-17,Kane Hemmings,1
2022-09-24,Reece McAlear,1
2022-09-24,Kane Hemmings,1
2022-10-01,Chris Merrie,1
2022-10-08,Chris Merrie,1
2022-10-08,Josh Hawkes,1
2022-10-14,Chris Merrie,1
2022-10-22,Jordan Turnbull,1
2022-10-25,Dynel Simeu,1
2022-11-12,Dynel Simeu,1
2022-11-12,Jordan Turnbull,1
2022-11-12,Elliott Nevitt,1
2022-11-19,Tom Davies,1
2022-11-19,Josh Hawkes,1
2022-12-03,Ross Doohan,1
2022-12-03,Ethan Bristow,1
2022-12-03,Kane Hemmings,1
2022-12-10,Paul Lewis,1
2022-12-26,Ethan Bristow,1
2022-12-29,Jordan Turnbull,1
2023-01-01,Tom Davies,1
2023-01-07,Kieron Morris,1
2023-01-07,Lee O'Connor,1
2023-01-07,Joel Mumbongo,1
2023-01-07,Kane Hemmings,1
2023-01-14,Jordan Turnbull,1
2023-01-14,Kieron Morris,1
2023-02-07,Jordan Turnbull,1
2023-02-07,Brad Walker,1
2023-02-07,Regan Hendry,1
2023-02-04,Tom Davies,1
2023-02-11,Jordan Turnbull,1
2023-02-11,Lee O'Connor,1
2023-02-14,Tom Davies,1
2023-02-25,Josh Dacres-Cogley,1
2023-02-25,Tom Davies,1
2023-02-25,Regan Hendry,1
2023-02-25,Josh Hawkes,1
2023-03-11,Regan Hendry,1
2023-03-18,Harvey Saunders,1
2023-03-25,Joe Murphy,1
2023-03-25,Josh Dacres-Cogley,1
2023-03-25,Tom Davies,1
2023-03-25,Jordan Turnbull,1
2023-03-25,Ethan Bristow,1
2023-03-25,Regan Hendry,1
2023-03-25,Harvey Saunders,1
2023-03-25,Joel Mumbongo,1
2023-03-31,Josh Dacres-Cogley,1
2023-03-31,Jordan Turnbull,1
2023-03-31,Regan Hendry,1
2023-04-07,Kane Hemmings,1
2023-04-15,Jordan Turnbull,1
2023-04-15,Regan Hendry,1
2023-04-18,Kane Hemmings,1
2023-04-22,Jordan Turnbull,1
2023-05-08,Tom Davies,1
2022-10-04,Kyle Jameson,1
2022-10-04,Jon Nolan,1
2022-10-04,Paul Lewis,1
2022-10-04,Elliott Nevitt,1
2022-09-20,Dynel Simeu,1
2022-09-20,Paul Lewis,1
2022-10-18,Kyle Jameson,1
2022-08-24,Kane Hemmings,1
2022-11-05,Tom Davies,1
2022-11-22,Jordan Turnbull,1
2022-11-22,Chris Merrie,1
2022-11-22,Kane Hemmings,1
2023-08-05,Lee O'Connor,1
2023-08-05,Regan Hendry,1
2012-08-18,Owain Williams,1
2012-08-18,Andy Robinson,1
2012-08-21,Danny Holmes,1
2012-08-21,Liam Palmer,1
2012-09-08,James Wallace,1
2012-09-15,Andy Robinson,1
2012-09-18,Andy Robinson,1
2012-09-22,Ash Taylor,1
2012-09-29,Andy Robinson,1
2012-10-02,Liam Palmer,1
2012-10-13,Danny Holmes,1
2012-10-13,James Wallace,1
2012-10-20,Zoumana Bakayogo,1
2012-10-23,James Wallace,1
2012-10-27,Jake Cassidy,1
2012-11-07,Ben Gibson,1
2012-11-07,Andy Robinson,1
2012-11-10,Ash Taylor,1
2012-11-10,Liam Palmer,1
2012-11-16,Ben Gibson,1
2012-11-16,Jake Jervis,1
2012-11-20,Ash Taylor,1
2012-12-15,Adam McGurk,1
2012-12-26,Zoumana Bakayogo,1
2013-01-01,Donervon Daniels,1
2013-01-16,Zoumana Bakayogo,1
2013-01-16,Danny Holmes,1
2013-01-12,Donervon Daniels,1
2013-01-19,Owain Williams,1
2013-01-19,Zoumana Bakayogo,1
2013-01-19,Max Power,1
2013-01-19,Adam McGurk,1
2013-02-02,Danny Holmes,1
2013-02-15,Ash Taylor,1
2013-02-23,Paul Corry,1
2013-02-26,Max Power,1
2013-03-02,Danny Holmes,1
2013-03-02,Ian Goodison,1
2013-03-02,Zoumana Bakayogo,1
2013-03-09,Ian Goodison,1
2013-03-09,Max Power,1
2013-03-12,Danny Holmes,1
2013-03-12,Max Power,1
2013-03-29,Mamady Sidibe,1
2013-04-01,Ben Gibson,1
2013-04-06,Ash Taylor,1
2013-04-06,Sean McGinty,1
2013-04-13,Ben Gibson,1
2013-04-13,Max Power,1
2013-04-20,Michael O'Halloran,1
2013-08-03,Evan Horwood,1
2013-08-03,Danny Holmes,1
2013-08-03,Jean-Louis Akpa Akpro,1
2013-08-03,Max Power,1
2013-08-10,Evan Horwood,1
2013-08-10,Max Power,1
2013-08-10,Andy Robinson,1
2013-08-17,Danny Holmes,1
2013-08-17,Joe Thompson,1
2013-08-24,Max Power,1
2013-08-24,Chris Atkinson,1
2013-08-24,Ryan Lowe,1
2013-08-31,James Rowe,1
2013-09-07,Max Power,1
2013-09-07,Joe Thompson,1
2013-09-14,Jean-Louis Akpa Akpro,1
2013-09-21,Tom Hateley,1
2013-09-21,James Rowe,1
2013-09-28,James Rowe,1
2013-09-28,Ryan Lowe,1
2013-10-05,Ryan Lowe,1
2013-10-13,Owain Williams,1
2013-10-13,Jimmy McNulty,1
2013-10-13,Ian Goodison,1
2013-10-19,Ryan Lowe,1
2013-10-19,Liam Ridehalgh,1
2013-11-02,Owain Williams,1
2013-11-02,Max Power,1
2013-11-16,Jimmy McNulty,1
2013-11-23,Danny Holmes,1
2013-12-14,Ash Taylor,1
2013-12-14,Jean-Louis Akpa Akpro,1
2013-12-26,Liam Ridehalgh,1
2013-12-26,Kristoffer Peterson,1
2013-12-29,Steven Jennings,1
2013-12-29,Andy Robinson,1
2014-01-01,Ash Taylor,1
2014-01-01,Kristoffer Peterson,1
2014-01-18,Matthew Pennington,1
2014-01-18,Steven Jennings,1
2014-01-18,Stephen Arthurworrey,1
2014-01-25,Matthew Kennedy,1
2014-01-25,Jason Koumas,1
2014-02-01,Ash Taylor,1
2014-02-01,Ryan Lowe,1
2014-02-08,Matthew Pennington,1
2014-02-08,James Wallace,1
2014-02-15,Matthew Pennington,1
2014-02-15,Stephen Arthurworrey,1
2014-02-15,Steven Jennings,1
2014-02-15,Ryan Lowe,1
2014-02-22,Ash Taylor,1
2014-02-22,James Wallace,1
2014-03-01,Ash Taylor,1
2014-03-01,Andy Robinson,1
2014-03-08,Jake Cassidy,1
2014-03-11,Jake Cassidy,1
2014-03-11,James Wallace,1
2014-03-15,Owain Williams,1
2014-03-22,Stephen Arthurworrey,1
2014-03-22,Jason Koumas,1
2014-03-29,Ian Goodison,1
2014-03-29,Jake Cassidy,1
2014-04-05,Max Power,1
2014-04-05,Stephen Arthurworrey,1
2014-04-12,Jason Koumas,1
2014-04-12,Ryan Lowe,1
2014-04-26,Owain Williams,1
2014-04-26,Steven Jennings,1
2014-04-26,Ryan Lowe,1
2014-08-16,Cole Stockton,1
2014-08-19,Michael Ihiekwe,1
2014-08-30,Max Power,1
2014-08-30,Abdulai Bell-Baggie,1
2014-09-06,Cole Stockton,1
2014-09-13,Max Power,1
2014-09-13,Matt Gill,1
2014-09-20,Marc Laird,1
2014-09-27,Abdulai Bell-Baggie,1
2014-10-04,Matt Gill,1
2014-10-04,George Donnelly,1
2014-10-11,Kayode Odejayi,1
2014-10-18,Janoi Donacien,1
2014-10-18,Danny Holmes,1
2014-10-18,George Donnelly,1
2014-10-21,Armand Gnanduillet,1
2014-11-01,Steven Jennings,1
2014-11-01,Armand Gnanduillet,1
2014-11-15,Max Power,1
2014-11-22,Will Aimson,1
2014-11-22,Liam Ridehalgh,1
2014-11-29,Steven Jennings,1
2014-12-13,Michael Ihiekwe,1
2014-12-13,Liam Ridehalgh,1
2014-12-13,Marc Laird,1
2014-12-13,Steven Jennings,1
2014-12-19,Janoi Donacien,1
2014-12-19,Marc Laird,1
2014-12-26,Max Power,1
2015-02-24,Marc Laird,1
2015-01-24,Shamir Fenelon,1
2015-01-31,Josh Thompson,1
2015-01-31,Rory Donnelly,1
2015-02-07,Owain Williams,1
2015-02-07,Jennison Myrie-Williams,1
2015-02-07,Rory Donnelly,1
2015-02-10,Danny Holmes,1
2015-02-10,Steven Jennings,1
2015-02-14,Danny Holmes,1
2015-02-14,Adam Dugdale,1
2015-02-21,Owain Williams,1
2015-02-28,Danny Holmes,1
2015-02-28,Jennison Myrie-Williams,1
2015-02-28,Kayode Odejayi,1
2015-03-03,Michael Ihiekwe,1
2015-03-03,Adam Dugdale,1
2015-03-03,Kayode Odejayi,1
2015-03-03,Jordan Hugill,1
2015-03-07,Jennison Myrie-Williams,1
2015-03-14,Michael Ihiekwe,1
2015-03-14,Jennison Myrie-Williams,1
2015-03-17,Marc Laird,1
2015-03-17,Steven Jennings,1
2015-03-17,Jennison Myrie-Williams,1
2015-03-17,Dan Gardner,1
2015-03-21,Michael Ihiekwe,1
2015-03-21,Adam Dugdale,1
2015-03-28,George Green,1
2015-03-28,Rory Donnelly,1
2015-04-03,Adam Dugdale,1
2015-04-03,Max Power,1
2015-04-03,Kayode Odejayi,1
2015-04-11,Janoi Donacien,1
2015-04-11,Steven Jennings,1
2015-04-14,Owain Williams,1
2015-04-14,Max Power,1
2015-04-14,George Green,1
2015-04-25,Michael Ihiekwe,1
2015-04-25,Adam Dugdale,1
2015-04-25,Max Power,1
2015-05-02,Steven Jennings,1
2015-05-02,Max Power,1
2015-05-02,Jason Koumas,1
2014-11-08,Steven Jennings,1
2014-12-16,Michael Ihiekwe,1
2015-01-03,Danny Holmes,1
2015-01-03,Max Power,1
2015-08-18,Ritchie Sutton,1
2015-08-18,Matthew Hill,1
2015-08-18,Lois Maynard,1
2015-08-22,Steven Jennings,1
2015-08-29,Jay Harris,1
2015-08-31,Adam Mekki,1
2015-08-31,Martin Riley,1
2015-09-05,Michael Ihiekwe,1
2015-09-05,Andy Mangan,1
2015-09-12,Michael Ihiekwe,1
2015-09-12,Adam Dawson,1
2015-09-15,Steven Jennings,1
2015-09-15,Jay Harris,1
2015-09-22,Steven Jennings,1
2015-09-26,Adam Mekki,1
2015-09-26,Steven Jennings,1
2015-10-06,Matthew Hill,1
2015-10-10,Lois Maynard,1
2015-10-10,James Norwood,1
2015-10-13,Jay Harris,1
2015-10-13,James Norwood,1
2015-10-13,Jonathon Margetts,1
2015-10-17,Jay Harris,1
2015-10-17,Lois Maynard,1
2015-10-31,Matthew Hill,1
2015-10-31,Steve McNulty,1
2015-11-14,Steven Jennings,1
2015-11-14,Martin Riley,1
2015-11-14,James Norwood,1
2015-11-21,Liam Hogan,1
2015-11-24,Matthew Hill,1
2015-11-24,Jay Harris,1
2015-11-28,Steven Jennings,1
2015-12-05,Steve McNulty,1
2015-12-05,Andy Mangan,1
2015-12-19,Jay Harris,1
2015-12-19,Steven Jennings,1
2015-12-26,Scott Davies,1
2015-12-26,Lois Maynard,1
2015-12-26,Steven Jennings,1
2015-12-26,James Norwood,1
2015-12-28,James Norwood,1
2016-01-09,Jeff Hughes,1
2016-01-23,Jay Harris,1
2016-01-23,Lois Maynard,1
2016-01-23,James Norwood,1
2016-01-23,Jeff Hughes,1
2016-01-30,Jay Harris,1
2016-03-08,Adam Mekki,1
2016-02-06,Steven Jennings,1
2016-02-06,James Norwood,1
2016-02-13,Steve McNulty,1
2016-02-13,Jay Harris,1
2016-02-20,Jay Harris,1
2016-02-28,Liam Ridehalgh,1
2016-02-28,Michael Higdon,1
2016-02-28,James Norwood,1
2016-03-05,Lee Vaughan,1
2016-03-12,Lee Vaughan,1
2016-03-19,Lee Vaughan,1
2016-03-19,Jay Harris,1
2016-03-25,Michael Ihiekwe,1
2016-03-28,Scott Davies,1
2016-03-28,Steven Jennings,1
2016-03-28,Jeff Hughes,1
2016-04-09,Scott Davies,1
2016-04-09,Steven Jennings,1
2016-04-09,Liam Ridehalgh,1
2016-04-16,Lee Vaughan,1
2016-04-16,Jay Harris,1
2016-04-30,Jay Harris,1
2016-08-06,Michael Ihiekwe,1
2016-08-06,Connor Jennings,1
2016-08-09,Steven Jennings,1
2016-08-13,Steven Jennings,1
2016-08-13,Jeff Hughes,1
2016-08-16,Scott Davies,1
2016-08-16,Lee Vaughan,1
2016-08-16,Michael Ihiekwe,1
2016-08-16,Steven Jennings,1
2016-08-27,Jay Harris,1
2016-09-03,Scott Davies,1
2016-09-03,Steven Jennings,1
2016-09-03,Michael Ihiekwe,1
2016-09-03,James Norwood,1
2016-09-10,Steve McNulty,1
2016-09-10,Jay Harris,1
2016-09-13,Lee Vaughan,1
2016-09-13,Liam Ridehalgh,1
2016-09-13,Andy Cook,1
2016-09-13,James Norwood,1
2016-09-17,Lee Vaughan,1
2016-09-17,Lois Maynard,1
2016-09-17,Steve McNulty,1
2016-10-01,Steven Jennings,1
2016-10-08,Jay Harris,1
2016-10-29,Lois Maynard,1
2016-10-29,Darren Stephenson,1
2016-11-12,Scott Davies,1
2016-11-12,Lee Vaughan,1
2016-11-12,Ben Tollitt,1
2016-11-12,Jay Harris,1
2016-11-19,Lee Vaughan,1
2016-11-19,Jay Harris,1
2016-11-19,Jeff Hughes,1
2016-11-22,Ben Tollitt,1
2016-11-22,Jeff Hughes,1
2016-11-29,Jake Kirby,1
2016-11-29,Jeff Hughes,1
2016-12-03,Scott Davies,1
2016-12-03,Steve McNulty,1
2016-12-03,Jay Harris,1
2016-12-17,Liam Ridehalgh,1
2016-12-17,Andy Mangan,1
2017-01-01,Scott Davies,1
2017-04-04,Scott Davies,1
2017-04-04,Steve McNulty,1
2017-04-04,Connor Jennings,1
2017-01-31,Lee Vaughan,1
2017-03-07,Michael Ihiekwe,1
2017-03-07,Adam Mekki,1
2017-03-07,Jay Harris,1
2017-02-11,Ben Tollitt,1
2017-02-11,Andy Cook,1
2017-02-11,James Norwood,1
2017-02-18,Andy Cook,1
2017-02-21,Lois Maynard,1
2017-04-11,Jeff Hughes,1
2017-03-03,Michael Ihiekwe,1
2017-03-28,Lee Vaughan,1
2017-03-28,Liam Ridehalgh,1
2017-03-28,Andy Cook,1
2017-03-28,Connor Jennings,1
2017-03-14,Ritchie Sutton,1
2017-03-14,Jeff Hughes,1
2017-03-21,Ritchie Sutton,1
2017-03-25,Jay Harris,1
2017-03-25,Steve McNulty,1
2017-03-25,Andy Cook,1
2017-03-25,James Norwood,1
2017-04-01,Jay Harris,1
2017-04-08,Jay Harris,1
2017-04-14,Michael Ihiekwe,1
2017-04-14,Cole Stockton,1
2017-04-17,Steve McNulty,1
2017-04-17,James Wallace,1
2017-04-22,James Wallace,1
2017-04-29,Luke Pilling,1
2017-05-03,James Wallace,1
2017-05-03,Lois Maynard,1
2017-05-06,James Norwood,1
2017-05-14,Adam Buxton,1
2017-08-05,Adam Buxton,1
2017-08-05,Steve McNulty,1
2017-08-12,Andy Cook,1
2017-08-15,Connor Jennings,1
2017-08-15,Oliver Norburn,1
2017-08-19,Adam Buxton,1
2017-08-19,Andy Cook,1
2017-08-26,Oliver Norburn,1
2017-08-26,Steve McNulty,1
2017-08-28,Jay Harris,1
2017-09-02,Jay McEveley,1
2017-09-02,Steve McNulty,1
2017-09-09,James Norwood,1
2017-09-09,Andy Cook,1
2017-09-12,Jeff Hughes,1
2017-09-16,Scott Davies,1
2017-09-16,Jay Harris,1
2017-09-16,Jay McEveley,1
2017-09-16,Connor Jennings,1
2017-09-23,Connor Jennings,1
2017-09-30,Adam Buxton,1
2017-09-30,Connor Jennings,1
2017-10-04,Ritchie Sutton,1
2017-10-04,Oliver Norburn,1
2017-10-04,Jeff Hughes,1
2017-10-07,James Norwood,1
2017-10-21,Scott Davies,1
2017-10-21,Mitch Duggan,1
2017-10-21,Steve McNulty,1
2017-10-21,Jay Harris,1
2017-10-24,Steve McNulty,1
2017-10-28,Jay Harris,1
2017-10-28,Mitch Duggan,1
2017-10-28,Gerry McDonagh,1
2017-11-21,Steve McNulty,1
2017-11-21,Dylan Mottley-Henry,1
2017-11-25,Eddie Clarke,1
2018-01-13,Andy Cook,1
2018-01-13,Oliver Norburn,1
2017-12-23,Adam Buxton,1
2017-12-23,Oliver Banks,1
2017-12-26,Oliver Norburn,1
2017-12-30,Steve McNulty,1
2018-01-01,Oliver Norburn,1
2018-01-01,Oliver Banks,1
2018-01-06,Oliver Norburn,1
2018-01-20,Connor Jennings,1
2018-01-27,Steve McNulty,1
2018-01-27,Oliver Norburn,1
2018-01-27,Andy Cook,1
2018-02-03,James Norwood,1
2018-02-10,Steve McNulty,1
2018-02-10,Jay Harris,1
2018-02-10,Liam Ridehalgh,1
2018-02-17,Jay Harris,1
2018-02-20,Oliver Norburn,1
2018-02-24,Oliver Norburn,1
2018-04-10,Ben Tollitt,1
2018-03-10,Jay Harris,1
2018-03-10,Connor Jennings,1
2018-03-17,Adam Buxton,1
2018-04-17,Adam Buxton,1
2018-04-17,Liam Ridehalgh,1
2018-04-24,Declan Drysdale,1
2018-04-07,Connor Jennings,1
2018-04-14,Connor Jennings,1
2018-04-21,Scott Davies,1
2017-11-04,Jay McEveley,1
2017-11-04,Jeff Hughes,1
2017-11-15,Connor Jennings,1
2017-11-15,James Norwood,1
2018-05-05,Steve McNulty,1
2018-05-05,Oliver Norburn,1
2018-08-14,Oliver Banks,1
2018-08-04,Jay Harris,1
2018-08-11,Steve McNulty,1
2018-08-18,Scott Davies,1
2018-08-18,Oliver Banks,1
2018-09-01,Oliver Banks,1
2018-09-01,Connor Jennings,1
2018-09-08,Luke McCullough,1
2018-09-15,Scott Davies,1
2018-09-15,Oliver Banks,1
2018-09-22,James Norwood,1
2018-10-02,Zoumana Bakayogo,1
2018-10-02,Luke McCullough,1
2018-10-02,James Norwood,1
2018-10-06,Adam Buxton,1
2018-10-06,Luke McCullough,1
2018-10-06,Oliver Banks,1
2018-10-06,Connor Jennings,1
2018-10-20,Ritchie Sutton,1
2018-10-20,Oliver Banks,1
2018-10-20,James Norwood,1
2018-10-23,Steve McNulty,1
2018-10-23,Jay Harris,1
2018-11-17,Oliver Banks,1
2018-11-17,James Norwood,1
2018-11-24,Emmanuel Monthe,1
2018-11-24,Oliver Banks,1
2018-11-27,Scott Davies,1
2018-11-27,Connor Jennings,1
2018-11-27,James Norwood,1
2018-12-08,Adam Buxton,1
2018-12-08,Connor Jennings,1
2018-12-15,Connor Jennings,1
2018-12-26,Mark Ellis,1
2018-12-26,Cole Stockton,1
2018-12-29,Liam Ridehalgh,1
2019-01-01,Emmanuel Monthe,1
2019-01-01,Connor Jennings,1
2019-01-12,Oliver Banks,1
2019-01-12,Luke McCullough,1
2019-01-19,Emmanuel Monthe,1
2019-01-26,Steve McNulty,1
2019-01-26,Emmanuel Monthe,1
2019-01-26,Luke McCullough,1
2019-01-26,Oliver Banks,1
2019-02-19,Jake Caprice,1
2019-02-19,Emmanuel Monthe,1
2019-02-19,David Perkins,1
2019-02-19,James Norwood,1
2019-02-19,Connor Jennings,1
2019-02-16,Zoumana Bakayogo,1
2019-02-16,David Perkins,1
2019-02-16,James Norwood,1
2019-02-23,David Perkins,1
2019-03-02,Zoumana Bakayogo,1
2019-03-02,Luke McCullough,1
2019-03-02,David Perkins,1
2019-03-08,David Perkins,1
2019-03-08,Connor Jennings,1
2019-03-12,Scott Davies,1
2019-04-02,Liam Ridehalgh,1
2019-04-02,David Perkins,1
2019-03-23,Mark Ellis,1
2019-03-23,Connor Jennings,1
2019-03-23,David Perkins,1
2019-04-06,Emmanuel Monthe,1
2019-04-06,Liam Ridehalgh,1
2019-04-06,David Perkins,1
2019-04-06,Oliver Banks,1
2019-04-06,James Norwood,1
2019-04-19,James Norwood,1
2019-04-22,James Norwood,1
2019-04-30,Oliver Banks,1
2019-04-30,Connor Jennings,1
2019-05-04,Adam Buxton,1
