game_date,player_name,yellow_cards,min_yc
1986-09-27,Mark Hughes,1.0,
1986-09-27,Ronnie Moore,1.0,
1986-09-27,Andy Thorpe,1.0,
1986-10-11,Graham Bell,1.0,
1986-10-11,Ronnie Moore,1.0,
1986-10-11,Billy O'Rourke,1.0,
1986-10-11,Frank Worthington,1.0,
1987-02-14,Andy Thorpe,1.0,
1987-02-14,Johnny Morrissey,1.0,
1987-02-14,Steve Mungall,1.0,
1987-03-21,Alan Hay,1.0,
1987-03-21,Graham Bell,1.0,
1987-03-21,Steve Vickers,1.0,
1987-08-18,Dave Martindale,1.0,
1987-09-15,Steve Mungall,1.0,
1987-09-15,Mark McCarrick,1.0,
1988-08-29,Jim Steel,1.0,
1988-09-05,Ronnie Moore,1.0,
1988-09-05,Johnny Morrissey,1.0,
1988-11-12,Johnny Morrissey,1.0,
1988-11-12,Dave Higgins,1.0,
1989-02-18,Dave Higgins,1.0,
1990-02-06,Johnny Morrissey,1.0,
1990-02-06,Dave Higgins,1.0,
1990-02-17,Mark McCarrick,1.0,
1990-02-17,Neil McNab,1.0,
1990-04-16,Tony Thomas,1.0,
1990-04-23,Tony Thomas,1.0,
1990-05-05,Ian Muir,1.0,
1990-05-27,Shaun Garnett,1.0,
1990-05-27,Steve Vickers,1.0,
1990-09-01,Ian Muir,1.0,
1990-09-01,Jim Steel,1.0,
1990-12-29,Eric Nixon,1.0,
1990-12-29,Dave Higgins,1.0,
1991-02-26,Tony Thomas,1.0,
1991-02-26,Jim Steel,1.0,
1991-03-05,Tony Thomas,1.0,
1991-06-01,Chris Malkin,1.0,
1991-08-27,Kenny Irons,1.0,
1991-08-27,Tony Thomas,1.0,
1991-08-27,Dave Higgins,1.0,
1991-08-27,Neil McNab,1.0,
1991-10-04,Neil McNab,1.0,
1991-10-12,Ged Brannan,1.0,
1991-10-12,Dave Martindale,1.0,
1991-10-12,Kenny Irons,1.0,
1991-10-12,Steve Vickers,1.0,
1992-01-04,Kenny Irons,1.0,
1992-04-04,Jim Steel,1.0,
1992-04-04,Tony Thomas,1.0,
1993-01-02,Neil McNab,1.0,
1993-03-06,Ged Brannan,1.0,
1993-08-28,Dave Higgins,1.0,
1993-08-28,John Aldridge,1.0,
1993-08-28,Eric Nixon,1.0,
1994-02-05,Ian Nolan,1.0,
1994-02-05,Mark Hughes,1.0,
1994-02-05,Dave Higgins,1.0,
1994-02-23,John McGreal,1.0,
1994-04-12,John McGreal,1.0,
1994-04-12,Ged Brannan,1.0,
1995-02-11,Ged Brannan,1.0,
1995-02-11,Gary Jones,1.0,
1995-02-25,Tony Thomas,1.0,
1995-09-09,Shaun Teale,1.0,
1995-09-16,Ian Moore,1.0,
1995-09-16,Gary Bennett,1.0,
1995-09-23,Kenny Irons,1.0,
1995-09-23,Ged Brannan,1.0,
1995-09-30,Gary Stevens,1.0,
1995-10-07,Gary Stevens,1.0,
1995-11-08,Shaun Teale,1.0,
1995-11-19,Graham Branch,1.0,
1995-11-19,Gary Jones,1.0,
1995-11-19,Gary Bennett,1.0,
1995-11-19,John McGreal,1.0,
1995-11-22,Tony Thomas,1.0,
1995-11-25,Shaun Garnett,1.0,
1995-11-25,Tony Thomas,1.0,
1995-12-02,Tony Thomas,1.0,
1995-12-02,Shaun Garnett,1.0,
1995-12-09,Ian Moore,1.0,
1995-12-09,Shaun Teale,1.0,
1995-12-16,Danny Coyne,1.0,
1995-12-16,Ged Brannan,1.0,
1995-12-16,Shaun Teale,1.0,
1995-12-23,Gary Bennett,1.0,
1996-01-01,Gary Jones,1.0,
1996-01-20,Shaun Garnett,1.0,
1996-01-30,Ian Moore,1.0,
1996-02-03,Dave Higgins,1.0,
1996-02-10,Steve Mungall,1.0,
1996-02-17,Graham Branch,1.0,
1996-02-20,Shaun Garnett,1.0,
1996-02-20,Shaun Teale,1.0,
1996-02-24,Shaun Teale,1.0,
1996-03-16,Tony Thomas,1.0,
1996-03-23,Ian Moore,1.0,
1996-03-30,Alan Rogers,1.0,
1996-03-30,Shaun Teale,1.0,
1996-04-02,Shaun Teale,1.0,
1996-04-06,Alan Rogers,1.0,
1996-04-08,Ged Brannan,1.0,
1996-04-13,Johnny Morrissey,1.0,
1996-04-13,Gary Stevens,1.0,
1996-04-27,Paul Cook,1.0,
1996-04-27,Alan Morgan,1.0,
1996-04-30,John Aldridge,1.0,
1996-08-17,Ivano Bonetti,1.0,
1996-08-21,Paul Cook,1.0,
1996-08-23,Shaun Teale,1.0,
1996-08-31,Tony Thomas,1.0,
1996-08-31,Paul Cook,1.0,
1996-09-07,Graham Branch,1.0,
1996-09-07,Liam O'Brien,1.0,
1996-09-10,Liam O'Brien,1.0,
1996-09-10,Johnny Morrissey,1.0,
1996-09-14,John Aldridge,1.0,
1996-09-14,Kenny Irons,1.0,
1996-09-14,Paul Cook,1.0,
1996-09-17,Kenny Irons,1.0,
1996-09-17,Dave Higgins,1.0,
1996-09-21,Paul Cook,1.0,
1996-09-24,Ivano Bonetti,1.0,
1996-09-28,Ivano Bonetti,1.0,
1996-09-28,Graham Branch,1.0,
1996-09-28,Ged Brannan,1.0,
1996-09-28,Andy Thorn,1.0,
1996-09-28,John Aldridge,1.0,
1996-10-04,Andy Thorn,1.0,
1996-10-12,John Aldridge,1.0,
1996-10-12,Andy Thorn,1.0,
1996-10-12,Ivano Bonetti,1.0,
1996-10-15,Liam O'Brien,1.0,
1996-10-15,Andy Thorn,1.0,
1996-12-03,Ged Brannan,1.0,
1996-12-03,Alan Mahon,1.0,
1996-12-07,Liam O'Brien,1.0,
1996-12-26,Graham Branch,1.0,
1996-12-26,Pat Nevin,1.0,
1996-12-26,Shaun Teale,1.0,
1996-12-26,Ged Brannan,1.0,
1997-01-01,Liam O'Brien,1.0,
1997-01-01,Alan Mahon,1.0,
1997-01-14,Eric Nixon,1.0,
1997-01-14,John Aldridge,1.0,
1997-01-14,Tony Thomas,1.0,
1997-01-14,Graham Branch,1.0,
1997-01-18,Pat Nevin,1.0,
1997-01-18,Liam O'Brien,1.0,
1997-01-18,Dave Higgins,1.0,
1997-01-28,Ian Moore,1.0,
1997-02-01,Andy Thorn,1.0,
1997-02-01,Paul Cook,1.0,
1997-02-07,Paul Cook,1.0,
1997-02-07,Alan Rogers,1.0,
1997-02-07,Kenny Irons,1.0,
1997-02-07,Ian Moore,1.0,
1997-02-07,Pat Nevin,1.0,
1997-02-07,Andy Thorn,1.0,
1997-03-04,Ged Brannan,1.0,
1997-03-04,Andy Thorn,1.0,
1997-03-08,Gary Jones,1.0,
1997-03-15,Alan Rogers,1.0,
1997-03-18,Johnny Morrissey,1.0,
1997-03-22,John McGreal,1.0,
1997-03-22,Tony Thomas,1.0,
1997-03-28,Graham Branch,1.0,
1997-03-31,John McGreal,1.0,
1997-04-12,Tony Thomas,1.0,
1997-04-12,Eric Nixon,1.0,
1997-04-12,Graham Branch,1.0,
1997-04-19,Gary Jones,1.0,
1997-04-19,Kenny Irons,1.0,
1997-04-26,Johnny Morrissey,1.0,
1997-04-26,Gary Jones,1.0,
1997-04-26,Andy Thorn,1.0,
1997-04-26,Kenny Irons,1.0,
1997-05-04,Kenny Irons,1.0,
1997-05-04,John McGreal,1.0,
1997-08-09,Graham Branch,1.0,
1997-08-15,David Kelly,1.0,
1997-08-22,Andy Thorn,1.0,
1997-08-30,Johnny Morrissey,1.0,
1997-09-02,Liam O'Brien,1.0,
1997-09-07,Andy Thompson,1.0,
1997-09-13,Andy Thompson,1.0,
1997-09-13,David Kelly,1.0,
1997-09-16,Johnny Morrissey,1.0,
1997-09-16,Andy Thompson,1.0,
1997-09-23,Dave Challinor,1.0,
1997-10-04,Alan Mahon,1.0,
1997-10-04,Graham Branch,1.0,
1997-10-18,Alan Morgan,1.0,
1997-10-22,Johnny Morrissey,1.0,
1997-10-25,Kenny Irons,1.0,
1997-10-25,Johnny Morrissey,1.0,
1997-11-01,Gary Jones,1.0,
1997-11-01,Dave Challinor,1.0,
1997-11-01,John McGreal,1.0,
1997-11-04,Graham Branch,1.0,
1997-11-08,Alan Mahon,1.0,
1997-11-22,Johnny Morrissey,1.0,
1997-11-22,David Kelly,1.0,
1997-11-29,Kenny Irons,1.0,
1997-11-29,Liam O'Brien,1.0,
1997-11-29,John Aldridge,1.0,
1997-12-06,Lee Jones,1.0,
1997-12-06,Kenny Irons,1.0,
1997-12-06,Alan Morgan,1.0,
1997-12-13,Kenny Irons,1.0,
1997-12-13,Dave Challinor,1.0,
1997-12-20,John Aldridge,1.0,
1997-12-20,Andy Thorn,1.0,
1997-12-26,John McGreal,1.0,
1997-12-28,Andy Thorn,1.0,
1997-12-28,Alan Morgan,1.0,
1997-12-28,Andy Thompson,1.0,
1998-01-09,Kenny Irons,1.0,
1998-01-13,Kenny Irons,1.0,
1998-01-13,Andy Parkinson,1.0,
1998-01-24,Andy Parkinson,1.0,
1998-02-04,Stephen Frail,1.0,
1998-02-07,Johnny Morrissey,1.0,
1998-02-14,Clint Hill,1.0,
1998-02-14,Micky Mellon,1.0,
1998-02-14,John McGreal,1.0,
1998-02-18,Alan Morgan,1.0,
1998-02-18,Steve Simonsen,1.0,
1998-02-18,John McGreal,1.0,
1998-02-21,Clint Hill,1.0,
1998-02-21,Kenny Irons,1.0,
1998-02-28,Alan Morgan,1.0,
1998-03-14,Dave Challinor,1.0,
1998-03-14,Graham Branch,1.0,
1998-04-03,Johnny Morrissey,1.0,
1998-04-03,John McGreal,1.0,
1998-04-07,Dariusz Kubicki,1.0,
1998-04-07,Dave Challinor,1.0,
1998-04-11,Steve Simonsen,1.0,
1998-04-11,Alan Morgan,1.0,
1998-04-11,Dave Challinor,1.0,
1998-04-18,Dariusz Kubicki,1.0,
1998-04-18,Gary Jones,1.0,
1998-04-18,Micky Mellon,1.0,
1998-04-25,Clint Hill,1.0,
1998-08-08,Clint Hill,1.0,
1998-08-08,John McGreal,1.0,
1998-08-11,Georges Santos,1.0,
1998-08-15,Clint Hill,1.0,
1998-08-18,Clint Hill,1.0,
1998-08-18,Alan Mahon,1.0,
1998-08-18,Micky Mellon,1.0,
1998-08-29,Alan Morgan,1.0,
1998-09-08,Andy Thompson,1.0,
1998-09-11,Johnny Morrissey,1.0,
1998-09-15,Lee Jones,1.0,
1998-09-15,Jason Koumas,1.0,
1998-09-15,Clint Hill,1.0,
1998-09-19,Steve Simonsen,1.0,
1998-09-22,Clint Hill,1.0,
1998-09-29,Dave Challinor,1.0,
1998-09-29,Clint Hill,1.0,
1998-09-29,Johnny Morrissey,1.0,
1998-10-10,Scott Taylor,1.0,
1998-10-17,Johnny Morrissey,1.0,
1998-10-24,David Kelly,1.0,
1998-10-27,Georges Santos,1.0,
1998-10-27,Gary Jones,1.0,
1998-10-27,Jason Koumas,1.0,
1998-11-07,Georges Santos,1.0,
1998-11-07,Kenny Irons,1.0,
1998-11-07,Graham Allen,1.0,
1998-11-10,Graham Allen,1.0,
1998-11-10,Georges Santos,1.0,
1998-11-14,Clint Hill,1.0,
1998-11-28,Andy Thompson,1.0,
1998-11-28,Jason Koumas,1.0,
1998-11-28,Graham Allen,1.0,
1998-11-28,Clint Hill,1.0,
1998-12-05,Clint Hill,1.0,
1998-12-05,Dave Challinor,1.0,
1998-12-05,Graham Allen,1.0,
1998-12-08,Georges Santos,1.0,
1998-12-08,Dave Challinor,1.0,
1998-12-08,Alan Mahon,1.0,
1998-12-12,Georges Santos,1.0,
1998-12-12,Clint Hill,1.0,
1998-12-12,Jason Koumas,1.0,
1998-12-26,Georges Santos,1.0,
1998-12-28,Graham Allen,1.0,
1998-12-28,Clint Hill,1.0,
1999-01-02,Kenny Irons,1.0,
1999-01-08,Georges Santos,1.0,
1999-01-08,Kenny Irons,1.0,
1999-01-16,Andy Thompson,1.0,
1999-01-16,John McGreal,1.0,
1999-01-16,Alan Mahon,1.0,
1999-01-16,Dave Challinor,1.0,
1999-01-30,Georges Santos,1.0,
1999-01-30,Liam O'Brien,1.0,
1999-02-13,Georges Santos,1.0,
1999-02-20,Dave Challinor,1.0,
1999-02-20,Georges Santos,1.0,
1999-02-27,Gary Jones,1.0,
1999-03-03,Clint Hill,1.0,
1999-03-03,Graham Allen,1.0,
1999-03-03,Andy Parkinson,1.0,
1999-03-03,Andy Thompson,1.0,
1999-03-06,Liam O'Brien,1.0,
1999-03-06,Graham Allen,1.0,
1999-03-06,Scott Taylor,1.0,
1999-03-09,Andy Thompson,1.0,
1999-03-09,Andy Parkinson,1.0,
1999-03-13,Alan Mahon,1.0,
1999-03-20,Liam O'Brien,1.0,
1999-03-26,Georges Santos,1.0,
1999-04-03,Kenny Irons,1.0,
1999-04-03,Andy Thompson,1.0,
1999-04-03,John Achterberg,1.0,
1999-04-03,Dave Challinor,1.0,
1999-04-10,Clint Hill,1.0,
1999-04-10,Kenny Irons,1.0,
1999-04-17,Georges Santos,1.0,
1999-05-01,Alan Mahon,1.0,
1999-05-09,Graham Allen,1.0,
1999-05-09,Georges Santos,1.0,
1999-08-07,Nick Henry,1.0,
1999-08-07,Georges Santos,1.0,
1999-08-14,Gareth Roberts,1.0,
1999-08-14,Andy Parkinson,1.0,
1999-08-21,John Achterberg,1.0,
1999-08-21,Jason Koumas,1.0,
1999-08-21,David Kelly,1.0,
1999-08-21,Graham Allen,1.0,
1999-08-21,Andy Thompson,1.0,
1999-08-24,Jason Koumas,1.0,
1999-08-28,Alan Mahon,1.0,
1999-08-28,Clint Hill,1.0,
1999-08-28,Georges Santos,1.0,
1999-08-30,Clint Hill,1.0,
1999-08-30,David Kelly,1.0,
1999-09-11,Tony Grant,1.0,
1999-09-11,Georges Santos,1.0,
1999-09-14,Alan Morgan,1.0,
1999-09-14,David Kelly,1.0,
1999-09-22,Dave Challinor,1.0,
1999-09-22,Gareth Roberts,1.0,
1999-09-22,Graham Allen,1.0,
1999-09-22,Scott Taylor,1.0,
1999-09-25,Graham Allen,1.0,
1999-09-25,Clint Hill,1.0,
1999-09-25,John Achterberg,1.0,
1999-10-09,Nick Henry,1.0,
1999-10-09,Andy Parkinson,1.0,
1999-10-16,Dave Challinor,1.0,
1999-10-16,Joe Murphy,1.0,
1999-10-23,Dave Challinor,1.0,
1999-10-23,Gareth Roberts,1.0,
1999-10-23,Lee Jones,1.0,
1999-10-26,Nick Henry,1.0,
1999-10-26,Dave Challinor,1.0,
1999-11-12,Wayne Allison,1.0,
1999-11-12,Nick Henry,1.0,
1999-11-20,Scott Taylor,1.0,
1999-11-23,Gareth Roberts,1.0,
1999-11-23,Dave Challinor,1.0,
1999-11-23,Reuben Hazell,1.0,
1999-11-27,Alan Morgan,1.0,
1999-12-04,Gareth Roberts,1.0,
1999-12-04,Reuben Hazell,1.0,
1999-12-14,David Kelly,1.0,
1999-12-14,Alan Morgan,1.0,
1999-12-17,Gary Jones,1.0,
1999-12-17,Reuben Hazell,1.0,
1999-12-26,Jason Koumas,1.0,
1999-12-26,Nick Henry,1.0,
1999-12-28,Reuben Hazell,1.0,
2000-01-03,Dave Challinor,1.0,
2000-01-03,Alan Morgan,1.0,
2000-01-03,Clint Hill,1.0,
2000-01-08,Nick Henry,1.0,
2000-01-08,Clint Hill,1.0,
2000-01-08,Gary Jones,1.0,
2000-01-08,Gareth Roberts,1.0,
2000-01-12,Alan Morgan,1.0,
2000-01-12,Steve Yates,1.0,
2000-01-22,Graham Allen,1.0,
2000-01-26,Andy Thompson,1.0,
2000-01-29,David Kelly,1.0,
2000-01-29,Phil Babb,1.0,
2000-01-29,Nick Henry,1.0,
2000-01-29,Gary Jones,1.0,
2000-01-29,Andy Thompson,1.0,
2000-02-05,Alan Mahon,1.0,
2000-02-05,Nick Henry,1.0,
2000-02-11,Alan Morgan,1.0,
2000-02-20,Dave Challinor,1.0,
2000-02-27,Clint Hill,1.0,
2000-02-27,Dave Challinor,1.0,
2000-03-01,Jason Koumas,1.0,
2000-03-01,Scott Taylor,1.0,
2000-03-04,Alan Morgan,1.0,
2000-03-07,Wayne Allison,1.0,
2000-03-07,Gary Jones,1.0,
2000-03-07,Alan Mahon,1.0,
2000-03-11,Jason Koumas,1.0,
2000-03-18,Gary Jones,1.0,
2000-03-18,Nick Henry,1.0,
2000-03-18,Richard Hinds,1.0,
2000-03-22,Steve Yates,1.0,
2000-03-25,Joe Murphy,1.0,
2000-04-01,Alan Morgan,1.0,
2000-04-01,Gary Jones,1.0,
2000-04-01,Graham Allen,1.0,
2000-04-09,Dave Challinor,1.0,
2000-04-09,Gareth Roberts,1.0,
2000-04-15,Dave Challinor,1.0,
2000-04-15,Paul Aldridge,1.0,
2000-04-15,Gary Jones,1.0,
2000-04-18,Gareth Roberts,1.0,
2000-04-22,Clint Hill,1.0,
2000-04-22,Richard Hinds,1.0,
2000-04-29,Alan Mahon,1.0,
2000-04-29,Clint Hill,1.0,
2000-08-12,Sean Flynn,1.0,
2000-08-19,Paul Rideout,1.0,
2000-08-19,Nick Henry,1.0,
2000-08-19,Clint Hill,1.0,
2000-08-26,Scott Taylor,1.0,
2000-08-26,Wayne Gill,1.0,
2000-08-26,Gareth Roberts,1.0,
2000-08-26,Nick Henry,1.0,
2000-08-28,Clint Hill,1.0,
2000-09-01,Nick Henry,1.0,
2000-09-06,Wayne Gill,1.0,
2000-09-06,Richard Hinds,1.0,
2000-09-09,Clint Hill,1.0,
2000-09-09,Nick Henry,1.0,
2000-09-12,Sean Flynn,1.0,
2000-09-16,Richard Hinds,1.0,
2000-09-19,Wayne Gill,1.0,
2000-09-23,Clint Hill,1.0,
2000-09-23,Andy Parkinson,1.0,
2000-10-06,Clint Hill,1.0,
2000-10-14,Richard Hinds,1.0,
2000-10-14,Clint Hill,1.0,
2000-10-14,Dave Challinor,1.0,
2000-10-17,Clint Hill,1.0,
2000-10-25,Steve Yates,1.0,
2000-10-28,Scott Taylor,1.0,
2000-10-31,Richard Hinds,1.0,
2000-11-04,Gareth Roberts,1.0,
2000-11-11,Clint Hill,1.0,
2000-11-18,Clint Hill,1.0,
2000-11-18,Wayne Allison,1.0,
2000-11-25,Richard Hinds,1.0,
2000-11-25,Scott Taylor,1.0,
2000-11-25,Clint Hill,1.0,
2000-11-28,Gareth Roberts,1.0,
2000-11-28,Reuben Hazell,1.0,
2000-12-02,Jason Koumas,1.0,
2000-12-02,Gareth Roberts,1.0,
2000-12-16,Steve Yates,1.0,
2000-12-16,Reuben Hazell,1.0,
2000-12-16,Richard Hinds,1.0,
2000-12-16,Gareth Roberts,1.0,
2000-12-16,Graham Allen,1.0,
2000-12-23,Jason Koumas,1.0,
2000-12-23,Gareth Roberts,1.0,
2000-12-26,Steve Yates,1.0,
2001-01-01,John Achterberg,1.0,
2001-01-01,Sean Flynn,1.0,
2001-01-01,Clint Hill,1.0,
2001-01-01,Graham Allen,1.0,
2001-01-01,Jason Koumas,1.0,
2001-01-06,Richard Jobson,1.0,
2001-01-06,Sean Flynn,1.0,
2001-01-06,Gareth Roberts,1.0,
2001-01-06,Wayne Gill,1.0,
2001-01-06,Richard Hinds,1.0,
2001-01-06,Graham Allen,1.0,
2001-01-13,John Achterberg,1.0,
2001-01-27,Graham Allen,1.0,
2001-02-03,Clint Hill,1.0,
2001-02-03,Graham Allen,1.0,
2001-02-10,Clint Hill,1.0,
2001-02-13,Des Hamilton,1.0,
2001-02-13,Graham Allen,1.0,
2001-02-13,Clint Hill,1.0,
2001-02-17,Stuart Barlow,1.0,
2001-02-20,Stuart Barlow,1.0,
2001-03-06,Stuart Barlow,1.0,
2001-03-06,Jason Koumas,1.0,
2001-03-06,Nick Henry,1.0,
2001-03-06,Richard Jobson,1.0,
2001-03-06,Micky Mellon,1.0,
2001-03-11,Gareth Roberts,1.0,
2001-03-11,Graham Allen,1.0,
2001-03-11,Nick Henry,1.0,
2001-03-14,Micky Mellon,1.0,
2001-03-17,Steve Yates,1.0,
2001-03-17,Nick Henry,1.0,
2001-03-25,Jeff Kenna,1.0,
2001-03-25,Sean Flynn,1.0,
2001-03-25,Micky Mellon,1.0,
2001-04-07,Micky Mellon,1.0,
2001-04-07,Stuart Barlow,1.0,
2001-04-10,Richard Jobson,1.0,
2001-04-14,Simon Osborn,1.0,
2001-04-14,Graham Allen,1.0,
2001-04-14,Seyni N'Diaye,1.0,
2001-04-16,Jeff Kenna,1.0,
2001-04-16,Richard Jobson,1.0,
2001-04-21,Gareth Roberts,1.0,
2001-04-24,Simon Osborn,1.0,
2001-04-24,Gareth Roberts,1.0,
2001-04-24,Jason Koumas,1.0,
2001-04-28,Jeff Kenna,1.0,
2001-05-06,Alan Morgan,1.0,
2001-08-11,Nick Henry,1.0,
2001-08-11,Reuben Hazell,1.0,
2001-08-11,Dave Challinor,1.0,
2001-08-25,Nick Henry,1.0,
2001-08-25,Sean Flynn,1.0,
2001-08-25,Wayne Allison,1.0,
2001-08-27,Stuart Barlow,1.0,
2001-08-27,Jason Koumas,1.0,
2001-08-27,Micky Mellon,1.0,
2001-08-27,Steve Yates,1.0,
2001-09-01,Micky Mellon,1.0,
2001-09-01,Dave Challinor,1.0,
2001-09-01,Steve Yates,1.0,
2001-09-01,Sean Thornton,1.0,
2001-09-01,Reuben Hazell,1.0,
2001-09-11,Jason Koumas,1.0,
2001-09-11,Micky Mellon,1.0,
2001-09-15,Graham Allen,1.0,
2001-09-15,Micky Mellon,1.0,
2001-09-18,Graham Allen,1.0,
2001-09-18,Wayne Allison,1.0,
2001-09-18,Reuben Hazell,1.0,
2001-09-21,Ian Sharps,1.0,
2001-09-29,Nick Henry,1.0,
2001-10-04,Graham Allen,1.0,
2001-10-04,Ian Sharps,1.0,
2001-10-09,Micky Mellon,1.0,
2001-10-09,Nick Henry,1.0,
2001-10-09,Ian Sharps,1.0,
2001-10-13,Jason Koumas,1.0,
2001-10-13,Ian Sharps,1.0,
2001-10-20,Steve Yates,1.0,
2001-10-27,Paul Rideout,1.0,
2001-10-27,Gareth Roberts,1.0,
2001-10-27,Graham Allen,1.0,
2001-10-30,Micky Mellon,1.0,
2001-11-03,Jason Koumas,1.0,
2001-11-10,Nick Henry,1.0,
2001-11-17,Gareth Roberts,1.0,
2001-11-20,Jason Price,1.0,
2001-11-20,Sean Flynn,1.0,
2001-11-24,Steve Yates,1.0,
2001-12-01,Jason Price,1.0,
2001-12-01,Graham Allen,1.0,
2001-12-08,Gareth Roberts,1.0,
2001-12-08,Sean Thornton,1.0,
2001-12-08,Clint Hill,1.0,
2001-12-15,Jason Price,1.0,
2001-12-15,Jason Koumas,1.0,
2001-12-26,Jason Price,1.0,
2001-12-26,Gareth Roberts,1.0,
2001-12-26,Nick Henry,1.0,
2001-12-26,Clint Hill,1.0,
2001-12-29,Graham Allen,1.0,
2002-01-08,Sean Flynn,1.0,
2002-01-19,Micky Mellon,1.0,
2002-01-19,Sean Flynn,1.0,
2002-01-27,John Achterberg,1.0,
2002-02-02,Nick Henry,1.0,
2002-02-02,Gareth Roberts,1.0,
2002-02-02,Steve Yates,1.0,
2002-02-05,Alan Navarro,1.0,
2002-02-05,Ian Sharps,1.0,
2002-02-09,Stuart Barlow,1.0,
2002-02-09,Jason Koumas,1.0,
2002-02-09,Micky Mellon,1.0,
2002-02-12,Stuart Barlow,1.0,
2002-02-17,Ian Sharps,1.0,
2002-02-22,Nick Henry,1.0,
2002-02-26,Clint Hill,1.0,
2002-03-02,Simon Haworth,1.0,
2002-03-02,Jason Koumas,1.0,
2002-03-02,Stuart Barlow,1.0,
2002-03-02,Jason Price,1.0,
2002-03-09,Sean Thornton,1.0,
2002-03-09,Graham Allen,1.0,
2002-03-12,Gareth Roberts,1.0,
2002-03-12,Clint Hill,1.0,
2002-03-16,Jason Koumas,1.0,
2002-03-16,Steve Yates,1.0,
2002-03-19,Jason Koumas,1.0,
2002-03-19,Graham Allen,1.0,
2002-03-19,Alan Morgan,1.0,
2002-03-23,Simon Haworth,1.0,
2002-03-30,Sean Thornton,1.0,
2002-04-01,Clint Hill,1.0,
2002-04-01,Sean Thornton,1.0,
2002-04-01,Alan Navarro,1.0,
2002-04-07,Stuart Barlow,1.0,
2002-04-07,Jason Price,1.0,
2002-04-07,Clint Hill,1.0,
2002-04-13,Simon Haworth,1.0,
2002-04-13,Sean Thornton,1.0,
2002-04-20,Stuart Barlow,1.0,
2002-08-17,Shane Nicholson,1.0,
2002-08-24,Alan Navarro,1.0,
2002-08-26,Kevin Gray,1.0,
2002-08-26,Micky Mellon,1.0,
2002-08-31,Gary Jones,1.0,
2002-08-31,Graham Allen,1.0,
2002-09-07,Gareth Roberts,1.0,
2002-09-07,Gary Jones,1.0,
2002-09-07,Richard Hinds,1.0,
2002-09-07,Micky Mellon,1.0,
2002-09-10,Simon Haworth,1.0,
2002-09-10,Gary Jones,1.0,
2002-09-10,Kevin Gray,1.0,
2002-09-14,Ian Sharps,1.0,
2002-09-14,Gareth Roberts,1.0,
2002-09-17,Iain Hume,1.0,
2002-09-17,Simon Haworth,1.0,
2002-09-21,Ryan Taylor,1.0,
2002-09-28,Christian Edwards,1.0,
2002-10-02,Ryan Taylor,1.0,
2002-10-02,Gareth Roberts,1.0,
2002-10-02,Gary Jones,1.0,
2002-10-05,Graham Allen,1.0,
2002-10-12,Gary Jones,1.0,
2002-10-12,Christian Edwards,1.0,
2002-10-12,Alex Hay,1.0,
2002-10-22,Gareth Roberts,1.0,
2002-10-26,Christian Edwards,1.0,
2002-10-29,Shane Nicholson,1.0,
2002-10-29,Graham Allen,1.0,
2002-10-29,Ryan Taylor,1.0,
2002-10-29,Danny Harrison,1.0,
2002-11-02,Simon Haworth,1.0,
2002-11-02,Adam Proudlock,1.0,
2002-11-09,Christian Edwards,1.0,
2002-11-09,Micky Mellon,1.0,
2002-11-12,Kevin Gray,1.0,
2002-11-16,Kevin Gray,1.0,
2002-11-16,Micky Mellon,1.0,
2002-11-16,Sean Connelly,1.0,
2002-11-26,Ryan Taylor,1.0,
2002-11-26,Christian Edwards,1.0,
2002-11-26,Graham Allen,1.0,
2002-11-30,Shane Nicholson,1.0,
2002-11-30,Gareth Roberts,1.0,
2002-11-30,Kevin Gray,1.0,
2002-12-10,Sean Connelly,1.0,
2002-12-14,Micky Mellon,1.0,
2002-12-14,Graham Allen,1.0,
2002-12-21,Micky Mellon,1.0,
2002-12-21,Sean Connelly,1.0,
2002-12-28,Micky Mellon,1.0,
2002-12-28,Simon Haworth,1.0,
2002-12-28,Shane Nicholson,1.0,
2003-01-01,Gareth Roberts,1.0,
2003-01-01,Mike Jackson,1.0,
2003-01-01,Gary Jones,1.0,
2003-01-25,Richard Hinds,1.0,
2003-02-01,Gary Jones,1.0,
2003-02-04,Gareth Roberts,1.0,
2003-02-15,Gareth Roberts,1.0,
2003-02-15,Ryan Taylor,1.0,
2003-02-22,Gary Jones,1.0,
2003-03-01,Gary Jones,1.0,
2003-03-04,Graham Allen,1.0,
2003-03-08,Iain Hume,1.0,
2003-03-08,Stuart Barlow,1.0,
2003-03-18,Tyrone Loran,1.0,
2003-03-18,Ian Sharps,1.0,
2003-04-05,Shane Nicholson,1.0,
2003-04-12,Gary Jones,1.0,
2003-04-12,Sean Connelly,1.0,
2003-04-19,Simon Haworth,1.0,
2003-04-21,Gareth Roberts,1.0,
2003-05-03,Gary Jones,1.0,
2003-05-03,Tyrone Loran,1.0,
2003-05-03,Gareth Roberts,1.0,
2003-08-09,Shane Nicholson,1.0,
2003-08-09,John Achterberg,1.0,
2003-08-16,Gareth Roberts,1.0,
2003-08-23,Ian Sharps,1.0,
2003-08-23,Gareth Roberts,1.0,
2003-08-30,Gareth Roberts,1.0,
2003-08-30,Sean Connelly,1.0,
2003-09-06,Eugene Dadi,1.0,
2003-09-13,Gareth Roberts,1.0,
2003-09-16,Graham Allen,1.0,
2003-09-16,Simon Haworth,1.0,
2003-09-16,Sean Connelly,1.0,
2003-09-20,Ryan Taylor,1.0,
2003-09-20,Simon Haworth,1.0,
2003-09-20,Chris Dagnall,1.0,
2003-09-20,Ian Sharps,1.0,
2003-09-20,Tyrone Loran,1.0,
2003-09-23,Simon Haworth,1.0,
2003-09-27,Eugene Dadi,1.0,
2003-09-27,Gareth Roberts,1.0,
2003-09-30,Eugene Dadi,1.0,
2003-09-30,Ryan Taylor,1.0,
2003-09-30,Tyrone Loran,1.0,
2003-10-06,Simon Haworth,1.0,
2003-10-06,Ryan Taylor,1.0,
2003-10-06,Graham Allen,1.0,
2003-10-06,Micky Mellon,1.0,
2003-10-06,Tyrone Loran,1.0,
2003-10-06,Danny Harrison,1.0,
2003-10-11,Ryan Taylor,1.0,
2003-10-11,Kevin Gray,1.0,
2003-10-18,Simon Haworth,1.0,
2003-10-18,Sean Connelly,1.0,
2003-10-21,Steven Jennings,1.0,
2003-10-25,Iain Hume,1.0,
2003-10-25,Sean Connelly,1.0,
2003-11-01,Danny Harrison,1.0,
2003-11-08,Simon Haworth,1.0,
2003-11-15,Iain Hume,1.0,
2003-11-22,Gareth Roberts,1.0,
2003-11-29,Eugene Dadi,1.0,
2003-12-13,Tyrone Loran,1.0,
2003-12-13,Eugene Dadi,1.0,
2003-12-20,Micky Mellon,1.0,
2003-12-20,Sean Connelly,1.0,
2003-12-26,Paul Linwood,1.0,
2003-12-26,Ryan Taylor,1.0,
2003-12-26,Graham Allen,1.0,
2003-12-26,Micky Mellon,1.0,
2003-12-28,Ian Sharps,1.0,
2003-12-28,Iain Hume,1.0,
2004-01-03,Paul Linwood,1.0,
2004-01-03,Gary Jones,1.0,
2004-01-03,Gareth Roberts,1.0,
2004-01-10,Sean Connelly,1.0,
2004-01-13,Ian Sharps,1.0,
2004-01-13,Ryan Taylor,1.0,
2004-01-13,Gary Jones,1.0,
2004-01-17,Eugene Dadi,1.0,
2004-01-17,Gareth Roberts,1.0,
2004-01-24,Micky Mellon,1.0,
2004-01-24,Ian Sharps,1.0,
2004-01-24,Ryan Taylor,1.0,
2004-01-27,Sean Connelly,1.0,
2004-01-31,Gary Jones,1.0,
2004-01-31,Gareth Roberts,1.0,
2004-01-31,Ryan Taylor,1.0,
2004-01-31,Micky Mellon,1.0,
2004-02-07,Gareth Roberts,1.0,
2004-02-07,Micky Mellon,1.0,
2004-02-07,Sean Connelly,1.0,
2004-02-07,Ryan Taylor,1.0,
2004-02-14,Sean Connelly,1.0,
2004-02-14,Alan Navarro,1.0,
2004-02-21,Paul Linwood,1.0,
2004-02-21,Alex Hay,1.0,
2004-02-21,Gary Jones,1.0,
2004-03-03,Iain Hume,1.0,
2004-03-07,Eugene Dadi,1.0,
2004-03-10,Gareth Roberts,1.0,
2004-03-10,Ryan Taylor,1.0,
2004-03-10,Sean Connelly,1.0,
2004-03-10,Eugene Dadi,1.0,
2004-03-16,Gary Jones,1.0,
2004-03-16,Iain Hume,1.0,
2004-03-20,Graham Allen,1.0,
2004-03-24,Gary Jones,1.0,
2004-04-03,Gareth Roberts,1.0,
2004-04-06,Eugene Dadi,1.0,
2004-04-06,Micky Mellon,1.0,
2004-04-10,Ian Goodison,1.0,
2004-04-10,Eugene Dadi,1.0,
2004-04-10,Gary Jones,1.0,
2004-04-17,Gary Jones,1.0,
2004-05-01,Gareth Roberts,1.0,
2004-05-08,Tyrone Loran,1.0,
2004-05-08,Ian Sharps,1.0,
2004-08-07,Mark Rankine,1.0,
2004-08-07,Jason McAteer,1.0,
2004-08-10,Chris Dagnall,1.0,
2004-08-10,Paul Hall,1.0,
2004-08-14,Jason McAteer,1.0,
2004-08-14,Mark Rankine,1.0,
2004-08-21,Iain Hume,1.0,
2004-08-21,Paul Hall,1.0,
2004-08-24,Ryan Taylor,1.0,
2004-08-27,Ryan Taylor,1.0,
2004-09-11,Paul Hall,1.0,
2004-09-11,John Achterberg,1.0,
2004-09-14,Ian Sharps,1.0,
2004-10-02,Eugene Dadi,1.0,
2004-10-02,Ian Sharps,1.0,
2004-10-02,Gareth Roberts,1.0,
2004-10-02,Paul Hall,1.0,
2004-10-19,John Achterberg,1.0,
2004-10-19,Iain Hume,1.0,
2004-10-30,Ian Sharps,1.0,
2004-10-30,Ryan Taylor,1.0,
2004-11-09,Mike Jackson,1.0,
2004-11-09,Jason McAteer,1.0,
2004-11-09,Iain Hume,1.0,
2004-11-09,Ryan Taylor,1.0,
2004-11-13,Mike Jackson,1.0,
2004-11-20,Eugene Dadi,1.0,
2004-11-20,Mike Jackson,1.0,
2004-11-27,Mike Jackson,1.0,
2004-11-27,Paul Brown,1.0,
2004-12-18,Gary Jones,1.0,
2004-12-26,Mark Rankine,1.0,
2004-12-26,Iain Hume,1.0,
2004-12-28,Mark Rankine,1.0,
2005-01-03,Eugene Dadi,1.0,
2005-01-10,Ian Sharps,1.0,
2005-01-15,Ian Goodison,1.0,
2005-01-25,Ryan Taylor,1.0,
2005-01-25,Ian Goodison,1.0,
2005-01-29,Ian Sharps,1.0,
2005-01-29,John Achterberg,1.0,
2005-02-05,Danny Harrison,1.0,
2005-02-05,Iain Hume,1.0,
2005-02-05,Gareth Roberts,1.0,
2005-02-05,Ryan Taylor,1.0,
2005-02-05,Mark Rankine,1.0,
2005-02-22,Iain Hume,1.0,
2005-02-26,Ian Goodison,1.0,
2005-02-26,Ian Sharps,1.0,
2005-02-26,Mike Jackson,1.0,
2005-03-05,Eugene Dadi,1.0,
2005-03-05,Jason McAteer,1.0,
2005-03-05,Iain Hume,1.0,
2005-03-12,Ian Sharps,1.0,
2005-03-12,Gareth Roberts,1.0,
2005-03-12,Ian Goodison,1.0,
2005-03-26,Ian Sharps,1.0,
2005-03-26,Paul Linwood,1.0,
2005-03-26,Danny Harrison,1.0,
2005-03-28,Ryan Taylor,1.0,
2005-03-28,Jason McAteer,1.0,
2005-03-28,Iain Hume,1.0,
2005-04-08,Ryan Taylor,1.0,
2005-04-12,Jason McAteer,1.0,
2005-04-12,Iain Hume,1.0,
2005-04-16,Ian Sharps,1.0,
2005-04-23,Jason McAteer,1.0,
2005-04-29,Ryan Taylor,1.0,
2005-04-29,Danny Harrison,1.0,
2005-05-07,Chris Dagnall,1.0,
2005-05-07,Mike Jackson,1.0,
2005-05-13,Iain Hume,1.0,
2005-05-13,Mike Jackson,1.0,
2005-05-17,John Achterberg,1.0,
2005-05-17,Iain Hume,1.0,
2005-08-06,Jason McAteer,1.0,
2005-08-06,Sam Aiston,1.0,
2005-08-06,Mark Rankine,1.0,
2005-08-09,Ian Sharps,1.0,
2005-08-09,Paul Linwood,1.0,
2005-08-12,Jason McAteer,1.0,
2005-08-20,Ian Goodison,1.0,
2005-08-20,Mark Rankine,1.0,
2005-08-23,Mark Rankine,1.0,
2005-08-23,Chris Greenacre,1.0,
2005-08-27,Gareth Roberts,1.0,
2005-08-29,Alex Bruce,1.0,
2005-09-02,Mike Jackson,1.0,
2005-09-02,Carl Tremarco,1.0,
2005-09-09,Ian Goodison,1.0,
2005-09-09,Mark Rankine,1.0,
2005-09-09,Jason McAteer,1.0,
2005-09-09,Alex Bruce,1.0,
2005-09-17,Alex Bruce,1.0,
2005-09-24,Ian Goodison,1.0,
2005-09-27,Jason McAteer,1.0,
2005-10-01,Alex Bruce,1.0,
2005-10-07,Jason McAteer,1.0,
2005-10-07,Delroy Facey,1.0,
2005-10-15,Ian Sharps,1.0,
2005-10-15,Gareth Roberts,1.0,
2005-10-18,Delroy Facey,1.0,
2005-10-18,John Achterberg,1.0,
2005-10-22,Paul Linwood,1.0,
2005-10-29,Steven Jennings,1.0,
2005-11-06,Paul Linwood,1.0,
2005-11-06,Mark Rankine,1.0,
2005-11-12,Mike Jackson,1.0,
2005-11-19,Ian Sharps,1.0,
2005-11-19,Gareth Roberts,1.0,
2005-11-19,Paul Linwood,1.0,
2005-11-19,Mike Jackson,1.0,
2005-11-26,Mark Rankine,1.0,
2005-11-26,Ian Goodison,1.0,
2005-12-10,Steve Wilson,1.0,
2005-12-17,Steve Wilson,1.0,
2005-12-17,Danny Harrison,1.0,
2005-12-20,Danny Harrison,1.0,
2005-12-20,Sam Aiston,1.0,
2005-12-28,Mike Jackson,1.0,
2005-12-28,Jason McAteer,1.0,
2005-12-31,Steve Wilson,1.0,
2005-12-31,Chris Greenacre,1.0,
2005-12-31,Simon Francis,1.0,
2005-12-31,Ian Sharps,1.0,
2006-01-02,Calvin Zola,1.0,
2006-01-02,Carl Tremarco,1.0,
2006-01-02,Steve Davies,1.0,
2006-01-14,Calvin Zola,1.0,
2006-01-14,Ian Goodison,1.0,
2006-01-21,Danny Harrison,1.0,
2006-01-28,Stephen O'Leary,1.0,
2006-01-28,Dino Seremet,1.0,
2006-02-03,Sam Aiston,1.0,
2006-02-11,Simon Francis,1.0,
2006-02-11,Jason McAteer,1.0,
2006-02-11,Stephen O'Leary,1.0,
2006-02-11,Dino Seremet,1.0,
2006-02-11,Ian Sharps,1.0,
2006-02-11,Ian Goodison,1.0,
2006-02-14,Ian Sharps,1.0,
2006-02-18,Mike Jackson,1.0,
2006-02-18,David Raven,1.0,
2006-02-25,David Raven,1.0,
2006-02-25,Danny Harrison,1.0,
2006-02-25,Stephen O'Leary,1.0,
2006-03-25,David Raven,1.0,
2006-04-08,Danny Harrison,1.0,
2006-04-15,Ian Sharps,1.0,
2006-04-15,Carl Tremarco,1.0,
2006-04-15,Gareth Roberts,1.0,
2006-04-15,Ian Goodison,1.0,
2006-04-17,David Raven,1.0,
2006-04-17,Danny Harrison,1.0,
2006-04-17,Jason McAteer,1.0,
2006-04-22,Gareth Roberts,1.0,
2006-04-22,Steven Jennings,1.0,
2006-05-06,Paul Linwood,1.0,
2006-05-06,Carl Tremarco,1.0,
2006-08-05,Kevin Ellison,1.0,
2006-08-12,Robbie Stockdale,1.0,
2006-08-12,Paul McLaren,1.0,
2006-08-12,Shane Cansdell-Sherriff,1.0,
2006-08-26,Chris Shuker,1.0,
2006-08-26,Paul McLaren,1.0,
2006-08-26,Kevin Ellison,1.0,
2006-09-02,Chris Greenacre,1.0,
2006-09-08,Chris Greenacre,1.0,
2006-09-08,Paul McLaren,1.0,
2006-09-12,John Mullin,1.0,
2006-09-16,Carl Tremarco,1.0,
2006-09-23,Paul McLaren,1.0,
2006-09-30,Carl Tremarco,1.0,
2006-09-30,Jason McAteer,1.0,
2006-10-06,Chris Greenacre,1.0,
2006-10-06,Kevin Ellison,1.0,
2006-10-06,Chris Shuker,1.0,
2006-10-06,Gavin Ward,1.0,
2006-10-06,Robbie Stockdale,1.0,
2006-10-21,Danny Harrison,1.0,
2006-10-21,Chris McCready,1.0,
2006-10-21,Ian Goodison,1.0,
2006-10-21,Chris Shuker,1.0,
2006-10-28,Chris Shuker,1.0,
2006-10-28,John Mullin,1.0,
2006-10-28,Steve Davies,1.0,
2006-10-28,Chris McCready,1.0,
2006-10-31,John Achterberg,1.0,
2006-10-31,Ian Goodison,1.0,
2006-10-31,Steve Davies,1.0,
2006-10-31,Jason McAteer,1.0,
2006-11-18,Gareth Taylor,1.0,
2006-11-18,Shane Cansdell-Sherriff,1.0,
2006-11-18,Steve Davies,1.0,
2006-11-18,Chris Greenacre,1.0,
2006-11-24,Paul McLaren,1.0,
2006-11-24,Ian Goodison,1.0,
2006-11-24,Steve Davies,1.0,
2006-12-05,Paul McLaren,1.0,
2006-12-09,Gareth Taylor,1.0,
2006-12-09,Shane Cansdell-Sherriff,1.0,
2006-12-09,Robbie Stockdale,1.0,
2006-12-26,John Mullin,1.0,
2007-01-01,John Mullin,1.0,
2007-01-01,Robbie Stockdale,1.0,
2007-01-06,John Mullin,1.0,
2007-01-06,Robbie Stockdale,1.0,
2007-01-13,Gareth Taylor,1.0,
2007-01-13,Carl Tremarco,1.0,
2007-01-16,John Mullin,1.0,
2007-01-16,Robbie Stockdale,1.0,
2007-01-19,Ian Goodison,1.0,
2007-01-19,Chris McCready,1.0,
2007-01-26,Carl Tremarco,1.0,
2007-02-03,Steve Davies,1.0,
2007-02-03,John Mullin,1.0,
2007-02-10,Chris Shuker,1.0,
2007-02-10,Chris McCready,1.0,
2007-02-10,Shane Cansdell-Sherriff,1.0,
2007-02-10,Carl Tremarco,1.0,
2007-02-17,Paul McLaren,1.0,
2007-02-17,Ian Goodison,1.0,
2007-02-17,Chris McCready,1.0,
2007-03-02,Shane Cansdell-Sherriff,1.0,
2007-03-10,Gavin Ward,1.0,
2007-03-10,John Mullin,1.0,
2007-03-10,Chris Shuker,1.0,
2007-03-17,Shane Cansdell-Sherriff,1.0,
2007-03-17,John Mullin,1.0,
2007-03-24,Ian Goodison,1.0,
2007-03-24,Robbie Stockdale,1.0,
2007-04-07,Chris Shuker,1.0,
2007-04-07,Gareth Taylor,1.0,
2007-04-09,Shane Cansdell-Sherriff,1.0,
2007-04-09,Calvin Zola,1.0,
2007-04-14,Robbie Stockdale,1.0,
2007-04-14,Ian Goodison,1.0,
2007-04-14,Shane Cansdell-Sherriff,1.0,
2007-04-21,Calvin Zola,1.0,
2007-04-28,Jason McAteer,1.0,
2007-05-05,Danny Harrison,1.0,
2007-08-11,Robbie Stockdale,1.0,
2007-08-11,Ian Goodison,1.0,
2007-08-11,Ben Chorley,1.0,
2007-08-14,Steve Davies,1.0,
2007-08-18,Calvin Zola,1.0,
2007-08-18,Steven Jennings,1.0,
2007-08-25,Chris Greenacre,1.0,
2007-08-25,Steve Davies,1.0,
2007-08-25,Steven Jennings,1.0,
2007-09-01,Steve Davies,1.0,
2007-09-01,Shane Cansdell-Sherriff,1.0,
2007-09-01,Chris Greenacre,1.0,
2007-09-22,Shane Cansdell-Sherriff,1.0,
2007-09-29,Ben Chorley,1.0,
2007-10-02,Shane Cansdell-Sherriff,1.0,
2007-10-06,Paul McLaren,1.0,
2007-10-06,Steven Jennings,1.0,
2007-10-06,Gareth Taylor,1.0,
2007-10-12,Shane Cansdell-Sherriff,1.0,
2007-10-20,Anthony Kay,1.0,
2007-10-20,Carl Tremarco,1.0,
2007-10-26,Gareth Taylor,1.0,
2007-10-26,Robbie Stockdale,1.0,
2007-10-26,Chris Greenacre,1.0,
2007-11-03,Paul McLaren,1.0,
2007-11-03,Gareth Taylor,1.0,
2007-11-06,Ben Chorley,1.0,
2007-11-10,Craig Curran,1.0,
2007-11-10,Shane Cansdell-Sherriff,1.0,
2007-11-10,Paul McLaren,1.0,
2007-11-17,Gareth Taylor,1.0,
2007-11-17,Paul McLaren,1.0,
2007-11-17,Steven Jennings,1.0,
2007-11-24,Ian Goodison,1.0,
2007-12-04,Steven Jennings,1.0,
2007-12-08,Anthony Kay,1.0,
2007-12-15,Shane Cansdell-Sherriff,1.0,
2007-12-15,Anthony Kay,1.0,
2007-12-15,Paul McLaren,1.0,
2007-12-22,Andy Taylor,1.0,
2007-12-22,Gareth Taylor,1.0,
2007-12-22,Chris Greenacre,1.0,
2007-12-22,Ian Goodison,1.0,
2007-12-26,Paul McLaren,1.0,
2008-01-01,Anthony Kay,1.0,
2008-01-05,Steven Jennings,1.0,
2008-01-08,Shane Cansdell-Sherriff,1.0,
2008-01-08,Paul McLaren,1.0,
2008-01-16,Anthony Kay,1.0,
2008-01-19,Andy Taylor,1.0,
2008-01-19,Shane Cansdell-Sherriff,1.0,
2008-02-02,Calvin Zola,1.0,
2008-02-09,Ian Goodison,1.0,
2008-02-12,Chris Greenacre,1.0,
2008-02-12,Anthony Kay,1.0,
2008-02-16,Steven Jennings,1.0,
2008-02-23,Anthony Kay,1.0,
2008-02-23,Paul McLaren,1.0,
2008-02-23,Jennison Myrie-Williams,1.0,
2008-03-08,Adnan Ahmed,1.0,
2008-03-08,Ben Chorley,1.0,
2008-03-08,Andy Taylor,1.0,
2008-03-08,Ian Goodison,1.0,
2008-03-11,Andy Taylor,1.0,
2008-03-11,John Mullin,1.0,
2008-03-20,Paul McLaren,1.0,
2008-03-24,Shane Cansdell-Sherriff,1.0,
2008-03-24,Andy Taylor,1.0,
2008-04-12,Paul McLaren,1.0,
2008-04-12,Steven Jennings,1.0,
2008-04-26,Andy Taylor,1.0,
2008-04-26,Steven Jennings,1.0,
2008-05-03,Ian Goodison,1.0,
2008-08-09,Godwin Antwi,1.0,
2008-08-23,George O'Callaghan,1.0,
2008-09-02,Steven Jennings,1.0,
2008-09-06,Steven Jennings,1.0,
2008-09-06,Ian Moore,1.0,
2008-09-06,Edrissa Sonko,1.0,
2008-09-06,Anthony Kay,1.0,
2008-09-06,Ben Chorley,1.0,
2008-09-06,Craig Curran,1.0,
2008-09-13,Edrissa Sonko,1.0,
2008-09-13,Ian Goodison,1.0,
2008-09-20,Steven Jennings,1.0,
2008-09-20,Ian Goodison,1.0,
2008-09-20,Ryan Shotton,1.0,
2008-10-04,Anthony Kay,1.0,
2008-10-04,Edrissa Sonko,1.0,
2008-10-18,Anthony Kay,1.0,
2008-10-18,Ian Moore,1.0,
2008-10-21,Ryan Shotton,1.0,
2008-10-21,Steven Jennings,1.0,
2008-10-24,Ryan Shotton,1.0,
2008-10-28,Andy Taylor,1.0,
2008-11-01,Ryan Shotton,1.0,
2008-11-01,Ben Chorley,1.0,
2008-11-04,Gareth Edds,1.0,
2008-11-08,Bas Savage,1.0,
2008-11-13,Anthony Kay,1.0,
2008-11-13,Steven Jennings,1.0,
2008-11-15,Ryan Shotton,1.0,
2008-11-15,Anthony Kay,1.0,
2008-11-15,Steven Jennings,1.0,
2008-11-22,Mark Wilson,1.0,
2008-11-22,Bas Savage,1.0,
2008-11-22,Ben Chorley,1.0,
2008-11-22,Charlie Barnett,1.0,
2008-11-25,Ian Moore,1.0,
2008-11-25,Bas Savage,1.0,
2008-11-25,Ryan Shotton,1.0,
2008-11-29,Andy Taylor,1.0,
2008-11-29,Ben Chorley,1.0,
2008-12-06,Anthony Kay,1.0,
2008-12-06,Steven Jennings,1.0,
2008-12-13,Ian Moore,1.0,
2008-12-13,Ian Goodison,1.0,
2008-12-16,John Johnson,1.0,
2008-12-16,Ben Chorley,1.0,
2008-12-16,Ian Moore,1.0,
2008-12-26,John Johnson,1.0,
2008-12-26,Andy Taylor,1.0,
2009-01-17,Ian Goodison,1.0,
2009-01-17,Anthony Kay,1.0,
2009-01-27,Ian Goodison,1.0,
2009-01-31,Ben Chorley,1.0,
2009-01-31,Ryan Shotton,1.0,
2009-02-07,Ben Chorley,1.0,
2009-02-10,Andy Taylor,1.0,
2009-02-10,Charlie Barnett,1.0,
2009-02-14,Gareth Edds,1.0,
2009-02-14,Bas Savage,1.0,
2009-02-14,Ian Moore,1.0,
2009-02-28,Ryan Shotton,1.0,
2009-03-07,Ian Goodison,1.0,
2009-03-07,Danny Mayor,1.0,
2009-03-07,Andy Taylor,1.0,
2009-03-21,Ryan Shotton,1.0,
2009-03-21,Ian Moore,1.0,
2009-04-05,Bas Savage,1.0,
2009-04-05,Ian Goodison,1.0,
2009-04-18,Steven Jennings,1.0,
2009-05-02,Gareth Edds,1.0,
2009-05-02,Steven Jennings,1.0,
2009-08-08,Shaleum Logan,1.0,
2009-08-08,John Welsh,1.0,
2009-08-18,John Welsh,1.0,
2009-08-22,Ian Goodison,1.0,
2009-08-22,Paul McLaren,1.0,
2009-08-25,Aaron Cresswell,1.0,
2009-08-29,Paul McLaren,1.0,
2009-08-29,Terry Gornell,1.0,
2009-08-29,Shaleum Logan,1.0,
2009-09-19,Marlon Broomes,1.0,
2009-09-19,Michael Ricketts,1.0,
2009-09-26,Shaleum Logan,1.0,
2009-09-26,Marlon Broomes,1.0,
2009-09-26,Aaron Cresswell,1.0,
2009-09-26,Paul McLaren,1.0,
2009-10-03,Marlon Broomes,1.0,
2009-10-03,Ian Goodison,1.0,
2009-10-03,Aaron Cresswell,1.0,
2009-10-03,Shaleum Logan,1.0,
2009-10-17,Marlon Broomes,1.0,
2009-10-17,Zoumana Bakayogo,1.0,
2009-10-17,David Martin,1.0,
2009-10-24,John Welsh,1.0,
2009-10-31,Ian Moore,1.0,
2009-10-31,John Welsh,1.0,
2009-11-07,Shaleum Logan,1.0,
2009-11-14,John Welsh,1.0,
2009-11-14,Ian Goodison,1.0,
2009-11-17,Shaleum Logan,1.0,
2009-11-17,Ash Taylor,1.0,
2009-11-17,Charlie Barnett,1.0,
2009-11-17,Ian Moore,1.0,
2009-11-21,Ash Taylor,1.0,
2009-11-21,Craig Curran,1.0,
2009-11-24,Marlon Broomes,1.0,
2009-11-28,Terry Gornell,1.0,
2009-12-01,Craig Curran,1.0,
2009-12-05,Ian Moore,1.0,
2009-12-05,Shaleum Logan,1.0,
2009-12-05,Terry Gornell,1.0,
2009-12-08,Terry Gornell,1.0,
2009-12-08,Luke Daniels,1.0,
2009-12-08,Zoumana Bakayogo,1.0,
2009-12-12,Ian Goodison,1.0,
2009-12-12,Craig Curran,1.0,
2009-12-12,Marlon Broomes,1.0,
2009-12-28,Paul McLaren,1.0,
2010-01-20,Shaleum Logan,1.0,
2010-01-23,Shaleum Logan,1.0,
2010-01-23,John Welsh,1.0,
2010-01-23,Ian Goodison,1.0,
2010-01-26,Luke Daniels,1.0,
2010-01-26,Paul McLaren,1.0,
2010-01-26,Chris Shuker,1.0,
2010-01-30,Luke Daniels,1.0,
2010-01-30,Ash Taylor,1.0,
2010-01-30,Zoumana Bakayogo,1.0,
2010-02-06,Ian Goodison,1.0,
2010-02-09,Luke Daniels,1.0,
2010-02-09,Craig Curran,1.0,
2010-02-09,Marvin Sordell,1.0,
2010-02-09,Terry Gornell,1.0,
2010-02-09,Paul McLaren,1.0,
2010-02-13,Shaleum Logan,1.0,
2010-02-13,Craig Curran,1.0,
2010-02-13,Paul McLaren,1.0,
2010-02-13,John Welsh,1.0,
2010-02-20,Paul McLaren,1.0,
2010-02-20,Terry Gornell,1.0,
2010-03-13,Ian Moore,1.0,
2010-03-13,John Welsh,1.0,
2010-03-13,Paul McLaren,1.0,
2010-03-13,Zoumana Bakayogo,1.0,
2010-03-19,Ash Taylor,1.0,
2010-03-27,Ben Gordon,1.0,
2010-03-27,Marlon Broomes,1.0,
2010-04-02,Luke Daniels,1.0,
2010-04-02,Paul McLaren,1.0,
2010-04-02,Marlon Broomes,1.0,
2010-04-10,Ben Gordon,1.0,
2010-04-13,Marlon Broomes,1.0,
2010-04-17,Ian Goodison,1.0,
2010-04-17,Joss Labadie,1.0,
2010-04-20,John Welsh,1.0,
2010-04-20,Ian Moore,1.0,
2010-04-24,Craig Curran,1.0,
2010-04-24,Joss Labadie,1.0,
2010-05-01,Marlon Broomes,1.0,
2010-05-01,Andy Robinson,1.0,
2010-05-01,Ian Moore,1.0,
2010-05-08,Marlon Broomes,1.0,
2010-08-07,Joss Labadie,1.0,
2010-08-10,Nick Wood,1.0,
2010-08-14,Nick Wood,1.0,
2010-08-14,Enoch Showunmi,1.0,
2010-08-21,Ian Goodison,1.0,
2010-08-21,Joss Labadie,1.0,
2010-08-21,Ian Moore,1.0,
2010-08-28,Aaron Cresswell,1.0,
2010-08-28,Ian Goodison,1.0,
2010-09-04,Arnaud Mendy,1.0,
2010-09-11,Arnaud Mendy,1.0,
2010-09-11,Joss Labadie,1.0,
2010-09-11,Ian Moore,1.0,
2010-09-18,Ian Goodison,1.0,
2010-09-25,Arnaud Mendy,1.0,
2010-09-25,Maxime Blanchard,1.0,
2010-09-25,Ian Goodison,1.0,
2010-09-25,John Welsh,1.0,
2010-09-28,Timothy Cathalina,1.0,
2010-09-28,Dale Jennings,1.0,
2010-09-28,Aaron Cresswell,1.0,
2010-09-28,Maxime Blanchard,1.0,
2010-10-02,Ian Goodison,1.0,
2010-10-16,Liam Darville,1.0,
2010-10-23,John Welsh,1.0,
2010-10-23,Enoch Showunmi,1.0,
2010-10-30,Maxime Blanchard,1.0,
2010-10-30,John Welsh,1.0,
2010-10-30,Zoumana Bakayogo,1.0,
2010-11-02,Ian Goodison,1.0,
2010-11-02,Timothy Cathalina,1.0,
2010-11-06,Maxime Blanchard,1.0,
2010-11-06,Ian Moore,1.0,
2010-11-06,Joss Labadie,1.0,
2010-11-06,Enoch Showunmi,1.0,
2010-11-09,John Welsh,1.0,
2010-11-09,Joss Labadie,1.0,
2010-11-13,Ian Moore,1.0,
2010-11-13,Arnaud Mendy,1.0,
2010-11-20,John Welsh,1.0,
2010-11-20,Ian Goodison,1.0,
2010-11-20,Zoumana Bakayogo,1.0,
2010-11-23,Arnaud Mendy,1.0,
2010-11-23,Ian Goodison,1.0,
2010-12-11,Scott Wootton,1.0,
2010-12-11,John Welsh,1.0,
2010-12-14,Jermaine Grandison,1.0,
2011-01-01,Ian Goodison,1.0,
2011-01-01,Ian Moore,1.0,
2011-01-03,Timothy Cathalina,1.0,
2011-01-15,Joss Labadie,1.0,
2011-01-15,Tony Warner,1.0,
2011-01-15,Michael Kay,1.0,
2011-01-15,John Welsh,1.0,
2011-01-22,Ash Taylor,1.0,
2011-01-25,Aaron Cresswell,1.0,
2011-01-25,Joss Labadie,1.0,
2011-01-25,Michael Kay,1.0,
2011-01-25,Enoch Showunmi,1.0,
2011-02-01,Michael Kay,1.0,
2011-02-01,Joss Labadie,1.0,
2011-02-12,Joss Labadie,1.0,
2011-02-12,Enoch Showunmi,1.0,
2011-02-15,Michael Kay,1.0,
2011-02-22,Lucas Akins,1.0,
2011-02-22,Joss Labadie,1.0,
2011-02-22,Michael Kay,1.0,
2011-03-05,Mark McChrystal,1.0,
2011-03-05,Tony Warner,1.0,
2011-03-05,John Welsh,1.0,
2011-03-05,Joss Labadie,1.0,
2011-03-12,Enoch Showunmi,1.0,
2011-03-12,Robbie Weir,1.0,
2011-03-12,Aaron Cresswell,1.0,
2011-03-19,John Welsh,1.0,
2011-03-19,Michael Kay,1.0,
2011-03-28,Joss Labadie,1.0,
2011-03-28,Ian Goodison,1.0,
2011-04-02,Dale Jennings,1.0,
2011-04-02,Joss Labadie,1.0,
2011-04-02,Mark McChrystal,1.0,
2011-04-05,John Welsh,1.0,
2011-04-05,Joss Labadie,1.0,
2011-04-09,Lucas Akins,1.0,
2011-04-09,Adam McGurk,1.0,
2011-04-09,Michael Kay,1.0,
2011-04-16,Joss Labadie,1.0,
2011-04-16,Enoch Showunmi,1.0,
2011-04-16,Robbie Weir,1.0,
2011-04-19,Tony Warner,1.0,
2011-04-19,Michael Kay,1.0,
2011-04-22,Ash Taylor,1.0,
2011-04-30,Dale Jennings,1.0,
2011-04-30,Joss Labadie,1.0,
2011-05-07,Ian Goodison,1.0,
2011-08-06,Andy Robinson,1.0,
2011-08-09,Adam McGurk,1.0,
2011-08-09,John Welsh,1.0,
2011-08-13,Adam McGurk,1.0,
2011-08-13,Ian Goodison,1.0,
2011-08-16,Martin Devaney,1.0,
2011-08-16,Adam McGurk,1.0,
2011-08-16,David Raven,1.0,
2011-08-16,Joss Labadie,1.0,
2011-08-16,Mark McChrystal,1.0,
2011-08-20,John Welsh,1.0,
2011-08-20,Andy Robinson,1.0,
2011-08-20,Martin Devaney,1.0,
2011-08-27,David Buchanan,1.0,
2011-08-27,Martin Devaney,1.0,
2011-08-27,Mustafa Tiryaki,1.0,
2011-08-27,Robbie Weir,1.0,
2011-08-30,Michael Kay,1.0,
2011-09-10,Enoch Showunmi,1.0,
2011-09-13,Joss Labadie,1.0,
2011-09-13,John Welsh,1.0,
2011-09-17,Robbie Weir,1.0,
2011-09-17,Joss Labadie,1.0,
2011-09-24,John Welsh,1.0,
2011-09-24,David Buchanan,1.0,
2011-10-01,John Welsh,1.0,
2011-10-08,Joss Labadie,1.0,
2011-10-12,Mustafa Tiryaki,1.0,
2011-10-12,Joss Labadie,1.0,
2011-10-12,Michael Kay,1.0,
2011-10-15,Robbie Weir,1.0,
2011-10-15,Max Power,1.0,
2011-10-25,David Buchanan,1.0,
2011-10-25,Lucas Akins,1.0,
2011-10-29,Robbie Weir,1.0,
2011-11-12,John Welsh,1.0,
2011-11-19,John Welsh,1.0,
2011-11-19,Robbie Weir,1.0,
2011-12-10,Mark McChrystal,1.0,
2011-12-17,Andy Robinson,1.0,
2011-12-17,John Welsh,1.0,
2011-12-17,Michael Kay,1.0,
2011-12-30,Joss Labadie,1.0,
2011-12-30,Lucas Akins,1.0,
2012-01-07,Martin Devaney,1.0,
2012-01-14,Mustafa Tiryaki,1.0,
2012-01-14,Paul Rachubka,1.0,
2012-01-14,Adam McGurk,1.0,
2012-01-17,Robbie Weir,1.0,
2012-01-17,Mark McChrystal,1.0,
2012-01-21,James Wallace,1.0,
2012-01-28,James Wallace,1.0,
2012-02-14,Robbie Weir,1.0,
2012-02-14,James Wallace,1.0,
2012-02-18,Owain Fon Williams,1.0,
2012-02-25,Ash Taylor,1.0,
2012-02-25,John Welsh,1.0,
2012-03-03,James Wallace,1.0,
2012-03-06,James Wallace,1.0,
2012-03-06,Joss Labadie,1.0,
2012-03-17,James Wallace,1.0,
2012-03-17,Owain Fon Williams,1.0,
2012-03-20,Jake Cassidy,1.0,
2012-03-24,Joss Labadie,1.0,
2012-04-06,James Wallace,1.0,
2012-04-09,David Buchanan,1.0,
2012-04-09,Danny Holmes,1.0,
2012-04-14,John Welsh,1.0,
2012-04-14,Adam McGurk,1.0,
2012-04-14,David Buchanan,1.0,
2012-04-28,Mustafa Tiryaki,1.0,
2012-04-28,Ian Goodison,1.0,
2012-05-05,Ian Goodison,1.0,
2012-08-14,James Wallace,1.0,
2012-08-14,Zoumana Bakayogo,1.0,
2012-08-18,Owain Fon Williams,1.0,
2012-08-18,Andy Robinson,1.0,
2012-08-21,Liam Palmer,1.0,
2012-08-21,Danny Holmes,1.0,
2012-08-28,Ash Taylor,1.0,
2012-08-28,Danny Holmes,1.0,
2012-09-04,Roman Golobart,1.0,
2012-09-08,James Wallace,1.0,
2012-09-15,Andy Robinson,1.0,
2012-09-18,Andy Robinson,1.0,
2012-09-22,Ash Taylor,1.0,
2012-09-29,Andy Robinson,1.0,
2012-10-02,Liam Palmer,1.0,
2012-10-13,Danny Holmes,1.0,
2012-10-13,James Wallace,1.0,
2012-10-20,Zoumana Bakayogo,1.0,
2012-10-23,James Wallace,1.0,
2012-10-27,Jake Cassidy,1.0,
2012-11-07,Ben Gibson,1.0,
2012-11-07,Andy Robinson,1.0,
2012-11-10,Ash Taylor,1.0,
2012-11-10,Michael Kay,1.0,
2012-11-10,Liam Palmer,1.0,
2012-11-16,Jake Jervis,1.0,
2012-11-16,Ben Gibson,1.0,
2012-11-20,Ash Taylor,1.0,
2012-12-01,Owain Fon Williams,1.0,
2012-12-01,Cole Stockton,1.0,
2012-12-01,Ian Goodison,1.0,
2012-12-01,Ben Gibson,1.0,
2012-12-15,Adam McGurk,1.0,
2012-12-26,Zoumana Bakayogo,1.0,
2013-01-01,Donervon Daniels,1.0,
2013-01-12,Donervon Daniels,1.0,
2013-01-16,Danny Holmes,1.0,
2013-01-16,Zoumana Bakayogo,1.0,
2013-01-19,Owain Fon Williams,1.0,
2013-01-19,Zoumana Bakayogo,1.0,
2013-01-19,Adam McGurk,1.0,
2013-01-19,Max Power,1.0,
2013-02-02,Danny Holmes,1.0,
2013-02-15,Ash Taylor,1.0,
2013-02-23,Paul Corry,1.0,
2013-02-26,Max Power,1.0,
2013-03-02,Danny Holmes,1.0,
2013-03-02,Ian Goodison,1.0,
2013-03-02,Zoumana Bakayogo,1.0,
2013-03-02,David Amoo,1.0,
2013-03-09,Ian Goodison,1.0,
2013-03-09,Max Power,1.0,
2013-03-12,Max Power,1.0,
2013-03-12,Danny Holmes,1.0,
2013-03-29,Mamady Sidibe,1.0,
2013-04-01,Ben Gibson,1.0,
2013-04-06,Ash Taylor,1.0,
2013-04-06,Sean McGinty,1.0,
2013-04-13,Ben Gibson,1.0,
2013-04-13,Max Power,1.0,
2013-04-20,Michael O'Halloran,1.0,
2013-08-03,Jason Koumas,1.0,
2013-08-03,Evan Horwood,1.0,
2013-08-03,Danny Holmes,1.0,
2013-08-03,Jean-Louis Akpa Akpro,1.0,
2013-08-03,Max Power,1.0,
2013-08-10,Max Power,1.0,
2013-08-10,Andy Robinson,1.0,
2013-08-10,Evan Horwood,1.0,
2013-08-17,Joe Thompson,1.0,
2013-08-17,Danny Holmes,1.0,
2013-08-24,Chris Atkinson,1.0,
2013-08-24,Ryan Lowe,1.0,
2013-08-24,Max Power,1.0,
2013-08-31,James Rowe,1.0,
2013-09-07,Joe Thompson,1.0,
2013-09-07,Max Power,1.0,
2013-09-14,Jean-Louis Akpa Akpro,1.0,
2013-09-14,Andy Robinson,1.0,
2013-09-21,James Rowe,1.0,
2013-09-21,Tom Hateley,1.0,
2013-09-28,Ryan Lowe,1.0,
2013-09-28,James Rowe,1.0,
2013-10-05,Ryan Lowe,1.0,
2013-10-13,Owain Fon Williams,1.0,
2013-10-13,Jim McNulty,1.0,
2013-10-13,Ian Goodison,1.0,
2013-10-19,Liam Ridehalgh,1.0,
2013-10-19,Ryan Lowe,1.0,
2013-10-22,Cole Stockton,1.0,
2013-10-26,Evan Horwood,1.0,
2013-11-02,Max Power,1.0,
2013-11-02,Owain Fon Williams,1.0,
2013-11-09,Jean-Louis Akpa Akpro,1.0,
2013-11-16,Jim McNulty,1.0,
2013-11-23,Danny Holmes,1.0,
2013-11-26,Akpo Sodje,1.0,
2013-11-26,James Wallace,1.0,
2013-12-14,Ash Taylor,1.0,
2013-12-14,Jean-Louis Akpa Akpro,1.0,
2013-12-20,Andy Robinson,1.0,
2013-12-26,Liam Ridehalgh,1.0,
2013-12-26,Kristoffer Peterson,1.0,
2013-12-29,Jean-Louis Akpa Akpro,1.0,
2013-12-29,Andy Robinson,1.0,
2013-12-29,Steven Jennings,1.0,
2014-01-01,Ash Taylor,1.0,
2014-01-01,Kristoffer Peterson,1.0,
2014-01-18,Matthew Pennington,1.0,
2014-01-18,Steven Jennings,1.0,
2014-01-18,Stephen Arthurworrey,1.0,
2014-01-25,Matthew Kennedy,1.0,
2014-01-25,Jason Koumas,1.0,
2014-02-01,Ash Taylor,1.0,
2014-02-01,Ryan Lowe,1.0,
2014-02-08,Matthew Pennington,1.0,
2014-02-08,Jake Cassidy,1.0,
2014-02-15,Steven Jennings,1.0,
2014-02-15,Matthew Pennington,1.0,
2014-02-15,Stephen Arthurworrey,1.0,
2014-02-15,Ryan Lowe,1.0,
2014-02-22,Jake Kirby,1.0,
2014-02-22,Ash Taylor,1.0,
2014-02-22,James Wallace,1.0,
2014-03-01,Ash Taylor,1.0,
2014-03-01,Andy Robinson,1.0,
2014-03-08,Jake Cassidy,1.0,
2014-03-08,Owain Fon Williams,1.0,
2014-03-11,James Wallace,1.0,
2014-03-11,Jake Cassidy,1.0,
2014-03-15,Owain Fon Williams,1.0,
2014-03-22,Ian Goodison,1.0,
2014-03-22,Stephen Arthurworrey,1.0,
2014-03-22,Jason Koumas,1.0,
2014-03-25,Andy Robinson,1.0,
2014-03-29,Jake Cassidy,1.0,
2014-03-29,Ian Goodison,1.0,
2014-04-05,Stephen Arthurworrey,1.0,
2014-04-05,Danny Holmes,1.0,
2014-04-05,Max Power,1.0,
2014-04-12,Ryan Lowe,1.0,
2014-04-12,Jason Koumas,1.0,
2014-04-15,James Rowe,1.0,
2014-04-26,Ryan Lowe,1.0,
2014-04-26,Steven Jennings,1.0,
2014-04-26,Owain Fon Williams,1.0,
2014-08-16,Cole Stockton,1.0,
2014-08-19,Michael Ihiekwe,1.0,
2014-08-23,Danny Holmes,1.0,
2014-08-30,Max Power,1.0,
2014-08-30,Kayode Odejayi,1.0,
2014-08-30,Abdulai Bell-Baggie,1.0,
2014-09-06,Cole Stockton,1.0,
2014-09-13,Max Power,1.0,
2014-09-13,Matt Gill,1.0,
2014-09-20,Marc Laird,1.0,
2014-09-27,Abdulai Bell-Baggie,1.0,
2014-10-04,George Donnelly,1.0,
2014-10-04,Matt Gill,1.0,
2014-10-11,Kayode Odejayi,1.0,
2014-10-18,Danny Holmes,1.0,
2014-10-18,George Donnelly,1.0,
2014-10-18,Janoi Donacien,1.0,
2014-10-21,Armand Gnanduillet,1.0,
2014-11-01,Armand Gnanduillet,1.0,
2014-11-01,Steven Jennings,1.0,
2014-11-08,Steven Jennings,1.0,
2014-11-15,Max Power,1.0,
2014-11-22,Will Aimson,1.0,
2014-11-22,Liam Ridehalgh,1.0,
2014-11-29,Steven Jennings,1.0,
2014-12-13,Marc Laird,1.0,
2014-12-13,Michael Ihiekwe,1.0,
2014-12-13,Liam Ridehalgh,1.0,
2014-12-13,Steven Jennings,1.0,
2014-12-16,Michael Ihiekwe,1.0,
2014-12-19,Marc Laird,1.0,
2014-12-19,Janoi Donacien,1.0,
2014-12-26,Max Power,1.0,
2015-01-03,Danny Holmes,1.0,
2015-01-03,Max Power,1.0,
2015-01-24,Shamir Fenelon,1.0,
2015-01-31,Josh Thompson,1.0,
2015-01-31,Rory Donnelly,1.0,
2015-02-07,Owain Fon Williams,1.0,
2015-02-07,Jennison Myrie-Williams,1.0,
2015-02-07,Rory Donnelly,1.0,
2015-02-10,Steven Jennings,1.0,
2015-02-10,Danny Holmes,1.0,
2015-02-14,Danny Holmes,1.0,
2015-02-14,Adam Dugdale,1.0,
2015-02-21,Owain Fon Williams,1.0,
2015-02-24,Marc Laird,1.0,
2015-02-28,Kayode Odejayi,1.0,
2015-02-28,Danny Holmes,1.0,
2015-02-28,Jennison Myrie-Williams,1.0,
2015-03-03,Adam Dugdale,1.0,
2015-03-03,Michael Ihiekwe,1.0,
2015-03-03,Jordan Hugill,1.0,
2015-03-03,Kayode Odejayi,1.0,
2015-03-07,Jennison Myrie-Williams,1.0,
2015-03-07,Kayode Odejayi,1.0,
2015-03-14,Jennison Myrie-Williams,1.0,
2015-03-14,Michael Ihiekwe,1.0,
2015-03-17,Dan Gardner,1.0,
2015-03-17,Marc Laird,1.0,
2015-03-17,Jennison Myrie-Williams,1.0,
2015-03-17,Steven Jennings,1.0,
2015-03-21,Michael Ihiekwe,1.0,
2015-03-21,Adam Dugdale,1.0,
2015-03-21,Lee Molyneux,1.0,
2015-03-28,Iain Hume,1.0,
2015-03-28,George Green,1.0,
2015-03-28,Rory Donnelly,1.0,
2015-04-03,Kayode Odejayi,1.0,
2015-04-03,Lee Molyneux,1.0,
2015-04-03,Adam Dugdale,1.0,
2015-04-03,Max Power,1.0,
2015-04-11,Janoi Donacien,1.0,
2015-04-11,Steven Jennings,1.0,
2015-04-11,Rory Donnelly,1.0,
2015-04-14,Matt Hill,1.0,
2015-04-14,Max Power,1.0,
2015-04-14,Owain Fon Williams,1.0,
2015-04-14,George Green,1.0,
2015-04-25,Max Power,1.0,
2015-04-25,Michael Ihiekwe,1.0,
2015-04-25,Adam Dugdale,1.0,
2015-05-02,Max Power,1.0,
2015-05-02,Jason Koumas,1.0,
2015-05-02,Steven Jennings,1.0,
2015-08-18,Lois Maynard,1.0,
2015-08-18,Ritchie Sutton,1.0,
2015-08-18,Matt Hill,1.0,
2015-08-22,Steven Jennings,1.0,
2015-08-29,Jay Harris,1.0,
2015-08-31,Adam Mekki,1.0,
2015-08-31,Martin Riley,1.0,
2015-09-05,Andy Mangan,1.0,
2015-09-05,Michael Ihiekwe,1.0,
2015-09-12,Michael Ihiekwe,1.0,
2015-09-12,Adam Dawson,1.0,
2015-09-15,Jay Harris,1.0,
2015-09-15,Steven Jennings,1.0,
2015-09-18,Nathan Blissett,1.0,
2015-09-22,Steven Jennings,1.0,
2015-09-26,Steven Jennings,1.0,
2015-09-26,Adam Mekki,1.0,
2015-10-06,Matt Hill,1.0,
2015-10-10,Lois Maynard,1.0,
2015-10-10,James Norwood,1.0,
2015-10-13,James Norwood,1.0,
2015-10-13,Jay Harris,1.0,
2015-10-13,Johnny Margetts,1.0,
2015-10-17,Lois Maynard,1.0,
2015-10-17,Jay Harris,1.0,
2015-10-31,Steve McNulty,1.0,
2015-10-31,Matt Hill,1.0,
2015-11-14,James Norwood,1.0,
2015-11-14,Martin Riley,1.0,
2015-11-14,Steven Jennings,1.0,
2015-11-21,Liam Hogan,1.0,
2015-11-24,Matt Hill,1.0,
2015-11-24,Jay Harris,1.0,
2015-11-28,Steven Jennings,1.0,
2015-12-05,Steve McNulty,1.0,
2015-12-05,Andy Mangan,1.0,
2015-12-12,Lois Maynard,1.0,
2015-12-12,Lee Vaughan,1.0,
2015-12-19,Steven Jennings,1.0,
2015-12-19,Jay Harris,1.0,
2015-12-26,Lois Maynard,1.0,
2015-12-26,Steven Jennings,1.0,
2015-12-26,James Norwood,1.0,
2015-12-26,Ben Tomlinson,1.0,
2015-12-26,Scott Davies,1.0,
2015-12-28,James Norwood,1.0,
2016-01-09,Jeff Hughes,1.0,
2016-01-23,Lois Maynard,1.0,
2016-01-23,Jeff Hughes,1.0,
2016-01-23,James Norwood,1.0,
2016-01-23,Jay Harris,1.0,
2016-01-30,Jay Harris,1.0,
2016-02-06,Steven Jennings,1.0,
2016-02-06,James Norwood,1.0,
2016-02-13,Jay Harris,1.0,
2016-02-13,Steve McNulty,1.0,
2016-02-20,Jay Harris,1.0,
2016-02-28,James Norwood,1.0,
2016-02-28,Michael Higdon,1.0,
2016-02-28,Liam Ridehalgh,1.0,
2016-03-05,Lee Vaughan,1.0,
2016-03-08,Adam Mekki,1.0,
2016-03-12,Lee Vaughan,1.0,
2016-03-12,Jay Harris,1.0,
2016-03-19,Lee Vaughan,1.0,
2016-03-19,Jay Harris,1.0,
2016-03-25,Michael Ihiekwe,1.0,
2016-03-28,Scott Davies,1.0,
2016-03-28,Steven Jennings,1.0,
2016-03-28,Jeff Hughes,1.0,
2016-04-09,Liam Ridehalgh,1.0,
2016-04-09,Steven Jennings,1.0,
2016-04-09,Scott Davies,1.0,
2016-04-16,Jay Harris,1.0,
2016-04-16,Lee Vaughan,1.0,
2016-04-30,Jay Harris,1.0,
2016-08-06,Michael Ihiekwe,1.0,
2016-08-06,Connor Jennings,1.0,
2016-08-09,Steven Jennings,1.0,
2016-08-13,Steven Jennings,1.0,
2016-08-13,Jeff Hughes,1.0,
2016-08-16,Lee Vaughan,1.0,
2016-08-16,Michael Ihiekwe,1.0,
2016-08-16,Scott Davies,1.0,
2016-08-16,Steven Jennings,1.0,
2016-08-27,Jay Harris,1.0,
2016-09-03,James Norwood,1.0,
2016-09-03,Steven Jennings,1.0,
2016-09-03,Scott Davies,1.0,
2016-09-03,Michael Ihiekwe,1.0,
2016-09-10,Steve McNulty,1.0,
2016-09-10,Jay Harris,1.0,
2016-09-13,James Norwood,1.0,
2016-09-13,Andy Cook,1.0,
2016-09-13,Liam Ridehalgh,1.0,
2016-09-13,Lee Vaughan,1.0,
2016-09-17,Steve McNulty,1.0,
2016-09-17,Lois Maynard,1.0,
2016-09-17,Lee Vaughan,1.0,
2016-10-01,Steven Jennings,1.0,
2016-10-08,Jay Harris,1.0,
2016-10-29,Darren Stephenson,1.0,
2016-10-29,Lois Maynard,1.0,
2016-11-12,Lee Vaughan,1.0,
2016-11-12,Ben Tollitt,1.0,
2016-11-12,Scott Davies,1.0,
2016-11-12,Jay Harris,1.0,
2016-11-19,Jay Harris,1.0,
2016-11-19,Jeff Hughes,1.0,
2016-11-19,Lee Vaughan,1.0,
2016-11-19,Adam Mekki,1.0,
2016-11-22,Ben Tollitt,1.0,
2016-11-22,Jeff Hughes,1.0,
2016-11-29,Jeff Hughes,1.0,
2016-11-29,Jake Kirby,1.0,
2016-12-03,Jay Harris,1.0,
2016-12-03,Scott Davies,1.0,
2016-12-03,Steve McNulty,1.0,
2016-12-10,James Norwood,1.0,
2016-12-10,James Wallace,1.0,
2016-12-10,Jeff Hughes,1.0,
2016-12-17,Andy Mangan,1.0,
2016-12-17,Liam Ridehalgh,1.0,
2017-01-01,Connor Jennings,1.0,
2017-01-01,Scott Davies,1.0,
2017-01-14,Scott Davies,1.0,
2017-01-31,Lee Vaughan,1.0,
2017-02-11,Andy Cook,1.0,
2017-02-11,Ben Tollitt,1.0,
2017-02-11,James Norwood,1.0,
2017-02-18,Andy Cook,1.0,
2017-02-21,Lois Maynard,1.0,
2017-02-25,Jeff Hughes,1.0,
2017-03-03,Michael Ihiekwe,1.0,
2017-03-03,Jay Harris,1.0,
2017-03-03,James Norwood,1.0,
2017-03-07,Michael Ihiekwe,1.0,
2017-03-07,Adam Mekki,1.0,
2017-03-07,Jay Harris,1.0,
2017-03-11,Michael Ihiekwe,1.0,
2017-03-11,Steven Jennings,1.0,
2017-03-14,Jeff Hughes,1.0,
2017-03-14,Ritchie Sutton,1.0,
2017-03-18,Lee Vaughan,1.0,
2017-03-21,Ritchie Sutton,1.0,
2017-03-25,Steve McNulty,1.0,
2017-03-25,Jay Harris,1.0,
2017-03-25,James Norwood,1.0,
2017-03-25,Andy Cook,1.0,
2017-03-28,Lee Vaughan,1.0,
2017-03-28,Andy Mangan,1.0,
2017-03-28,Connor Jennings,1.0,
2017-03-28,Andy Cook,1.0,
2017-03-28,Liam Ridehalgh,1.0,
2017-04-01,Jay Harris,1.0,
2017-04-04,Scott Davies,1.0,
2017-04-04,Steve McNulty,1.0,
2017-04-04,Connor Jennings,1.0,
2017-04-08,Jay Harris,1.0,
2017-04-11,Jeff Hughes,1.0,
2017-04-14,Michael Ihiekwe,1.0,
2017-04-14,Connor Jennings,1.0,
2017-04-17,James Wallace,1.0,
2017-04-17,Steve McNulty,1.0,
2017-04-17,Andy Mangan,1.0,
2017-04-22,James Wallace,1.0,
2017-04-29,Luke Pilling,1.0,
2017-05-03,Lois Maynard,1.0,
2017-05-03,James Wallace,1.0,
2017-05-06,James Norwood,1.0,
2017-05-14,Adam Buxton,1.0,
2017-08-05,Steve McNulty,1.0,
2017-08-12,Andy Cook,1.0,
2017-08-15,Oliver Norburn,1.0,
2017-08-15,Connor Jennings,1.0,
2017-08-19,Andy Cook,1.0,
2017-08-26,Steve McNulty,1.0,
2017-08-26,Oliver Norburn,1.0,
2017-08-26,Andy Cook,1.0,
2017-08-28,Jay Harris,1.0,
2017-09-02,James Norwood,1.0,
2017-09-02,Steve McNulty,1.0,
2017-09-09,Andy Cook,1.0,
2017-09-09,James Norwood,1.0,
2017-09-12,Jeff Hughes,1.0,
2017-09-12,Jay Harris,1.0,
2017-09-16,James McEveley,1.0,
2017-09-16,Jay Harris,1.0,
2017-09-16,Scott Davies,1.0,
2017-09-16,Connor Jennings,1.0,
2017-09-23,Andy Cook,1.0,
2017-09-23,Connor Jennings,1.0,
2017-09-30,Connor Jennings,1.0,
2017-09-30,Adam Buxton,1.0,
2017-10-04,Dylan Mottley-Henry,1.0,
2017-10-04,Ritchie Sutton,1.0,
2017-10-04,Jeff Hughes,1.0,
2017-10-04,Oliver Norburn,1.0,
2017-10-07,James Norwood,1.0,
2017-10-21,Steve McNulty,1.0,
2017-10-21,Mitch Duggan,1.0,
2017-10-21,Scott Davies,1.0,
2017-10-21,Jay Harris,1.0,
2017-10-24,Jay Harris,1.0,
2017-10-28,Mitch Duggan,1.0,
2017-10-28,Jay Harris,1.0,
2017-10-28,Gerry McDonagh,1.0,
2017-11-04,James McEveley,1.0,
2017-11-04,Jeff Hughes,1.0,
2017-11-15,Connor Jennings,1.0,
2017-11-15,James Norwood,1.0,
2017-11-21,Dylan Mottley-Henry,1.0,
2017-12-23,Adam Buxton,1.0,
2017-12-23,Ollie Banks,1.0,
2017-12-26,Oliver Norburn,1.0,
2017-12-30,Steve McNulty,1.0,
2018-01-01,Ollie Banks,1.0,
2018-01-06,Oliver Norburn,1.0,
2018-01-06,Jeff Hughes,1.0,
2018-01-13,Oliver Norburn,1.0,
2018-01-13,Andy Cook,1.0,
2018-01-20,Connor Jennings,1.0,
2018-01-27,Oliver Norburn,1.0,
2018-01-27,Andy Cook,1.0,
2018-02-03,James Norwood,1.0,
2018-02-10,Liam Ridehalgh,1.0,
2018-02-10,Jay Harris,1.0,
2018-02-10,Steve McNulty,1.0,
2018-02-17,Jay Harris,1.0,
2018-02-20,Oliver Norburn,1.0,
2018-02-24,Jay Harris,1.0,
2018-02-24,Oliver Norburn,1.0,
2018-03-10,Jay Harris,1.0,
2018-03-10,Connor Jennings,1.0,
2018-03-17,Adam Buxton,1.0,
2018-04-07,Connor Jennings,1.0,
2018-04-10,Ben Tollitt,1.0,
2018-04-14,Connor Jennings,1.0,
2018-04-17,Liam Ridehalgh,1.0,
2018-04-17,Adam Buxton,1.0,
2018-04-21,Josh Ginnelly,1.0,
2018-04-21,Scott Davies,1.0,
2018-04-24,Declan Drysdale,1.0,
2018-05-05,Steve McNulty,1.0,
2018-05-05,Jay Harris,1.0,
2018-05-05,Oliver Norburn,1.0,
2018-05-12,Connor Jennings,1.0,
2018-08-04,Jay Harris,1.0,
2018-08-11,Steve McNulty,1.0,
2018-08-14,Ollie Banks,1.0,
2018-08-18,Scott Davies,1.0,
2018-08-18,Ollie Banks,1.0,
2018-08-25,Paul Mullin,1.0,
2018-09-01,Connor Jennings,1.0,
2018-09-01,Ollie Banks,1.0,
2018-09-04,Harvey Gilmour,1.0,
2018-09-04,Connor Jennings,1.0,
2018-09-08,Luke McCullough,1.0,
2018-09-15,Scott Davies,1.0,
2018-09-15,Ollie Banks,1.0,
2018-09-22,James Norwood,1.0,
2018-10-02,Zoumana Bakayogo,1.0,
2018-10-02,Ollie Banks,1.0,
2018-10-02,James Norwood,1.0,
2018-10-06,Luke McCullough,1.0,
2018-10-06,Connor Jennings,1.0,
2018-10-06,Adam Buxton,1.0,
2018-10-06,Ollie Banks,1.0,
2018-10-09,Mark Ellis,1.0,
2018-10-20,Ollie Banks,1.0,
2018-10-20,Ritchie Sutton,1.0,
2018-10-20,James Norwood,1.0,
2018-10-23,Jay Harris,1.0,
2018-10-23,Steve McNulty,1.0,
2018-11-10,James Norwood,1.0,
2018-11-17,James Norwood,1.0,
2018-11-17,Paul Mullin,1.0,
2018-11-17,Ollie Banks,1.0,
2018-11-20,Zoumana Bakayogo,1.0,
2018-11-24,Emmanuel Monthe,1.0,
2018-11-24,Ollie Banks,1.0,
2018-11-27,James Norwood,1.0,
2018-11-27,Connor Jennings,1.0,
2018-11-27,Scott Davies,1.0,
2018-12-02,Steve McNulty,1.0,
2018-12-02,Connor Jennings,1.0,
2018-12-08,Connor Jennings,1.0,
2018-12-08,Adam Buxton,1.0,
2018-12-15,Connor Jennings,1.0,
2018-12-17,Jay Harris,1.0,
2018-12-26,Cole Stockton,1.0,
2018-12-26,Mark Ellis,1.0,
2018-12-29,Liam Ridehalgh,1.0,
2019-01-01,Emmanuel Monthe,1.0,
2019-01-01,Connor Jennings,1.0,
2019-01-04,Ollie Banks,1.0,
2019-01-12,Jay Harris,1.0,
2019-01-12,Luke McCullough,1.0,
2019-01-12,Ollie Banks,1.0,
2019-01-19,Emmanuel Monthe,1.0,
2019-01-19,Adam Buxton,1.0,
2019-01-26,Luke McCullough,1.0,
2019-01-26,Ollie Banks,1.0,
2019-01-26,Emmanuel Monthe,1.0,
2019-01-26,Steve McNulty,1.0,
2019-02-16,Zoumana Bakayogo,1.0,
2019-02-16,James Norwood,1.0,
2019-02-16,David Perkins,1.0,
2019-02-19,Emmanuel Monthe,1.0,
2019-02-19,James Norwood,1.0,
2019-02-19,Jake Caprice,1.0,
2019-02-19,David Perkins,1.0,
2019-02-19,Connor Jennings,1.0,
2019-02-19,Harvey Gilmour,1.0,
2019-02-23,David Perkins,1.0,
2019-03-02,Zoumana Bakayogo,1.0,
2019-03-02,Luke McCullough,1.0,
2019-03-02,David Perkins,1.0,
2019-03-08,Connor Jennings,1.0,
2019-03-08,David Perkins,1.0,
2019-03-12,Scott Davies,1.0,
2019-03-23,Connor Jennings,1.0,
2019-03-23,David Perkins,1.0,
2019-03-23,Mark Ellis,1.0,
2019-04-02,Liam Ridehalgh,1.0,
2019-04-02,David Perkins,1.0,
2019-04-06,James Norwood,1.0,
2019-04-06,Emmanuel Monthe,1.0,
2019-04-06,Ollie Banks,1.0,
2019-04-06,Liam Ridehalgh,1.0,
2019-04-13,Jay Harris,1.0,
2019-04-19,James Norwood,1.0,
2019-04-22,James Norwood,1.0,
2019-04-30,Connor Jennings,1.0,
2019-04-30,Ollie Banks,1.0,
2019-05-04,Adam Buxton,1.0,
2019-05-13,Ollie Banks,1.0,
2019-05-25,David Perkins,1.0,
2019-08-03,Ollie Banks,1.0,
2019-08-03,Connor Jennings,1.0,
2019-08-03,Morgan Ferrier,1.0,
2019-08-13,George Ray,1.0,
2019-08-17,Morgan Ferrier,1.0,
2019-08-17,George Ray,1.0,
2019-08-17,Paul Mullin,1.0,
2019-08-20,Ollie Banks,1.0,
2019-08-20,Emmanuel Monthe,1.0,
2019-08-20,George Ray,1.0,
2019-08-31,Paul Mullin,1.0,
2019-08-31,Stefan Payne,1.0,
2019-08-31,Sid Nelson,1.0,
2019-09-07,Stefan Payne,1.0,
2019-09-14,Calum Woods,1.0,
2019-09-14,Sid Nelson,1.0,
2019-09-17,Darren Potter,1.0,
2019-09-21,Ollie Banks,1.0,
2019-09-21,Cameron Borthwick-Jackson,1.0,
2019-09-28,Stefan Payne,1.0,
2019-09-28,Darren Potter,1.0,
2019-10-05,Connor Jennings,1.0,
2019-10-05,Neil Danns,1.0,
2019-10-13,Rushian Hepburn-Murphy,1.0,
2019-10-13,Stefan Payne,1.0,
2019-10-13,Scott Davies,1.0,
2019-10-18,Emmanuel Monthe,1.0,
2019-10-22,Stefan Payne,1.0,
2019-10-22,George Ray,1.0,
2019-11-02,Connor Jennings,1.0,
2019-11-02,Emmanuel Monthe,1.0,
2019-11-02,Paul Mullin,1.0,
2019-11-17,Liam Ridehalgh,1.0,
2019-11-17,Darren Potter,1.0,
2019-11-20,Emmanuel Monthe,1.0,
2019-11-20,Scott Davies,1.0,
2019-11-20,Morgan Ferrier,1.0,
2019-12-01,Connor Jennings,1.0,
2019-12-04,Rushian Hepburn-Murphy,1.0,
2019-12-04,Jacob Maddox,1.0,
2019-12-04,Connor Jennings,1.0,
2019-12-04,Neil Danns,1.0,
2019-12-04,Sid Nelson,1.0,
2019-12-04,Carl Spellman,1.0,
2019-12-14,Corey Blackett-Taylor,1.0,
2019-12-21,Sid Nelson,1.0,
2019-12-21,David Perkins,1.0,
2019-12-26,Neil Danns,1.0,
2019-12-26,Kieron Morris,1.0,
2020-01-01,Kieron Morris,1.0,
2020-01-04,Connor Jennings,1.0,
2020-01-04,Emmanuel Monthe,1.0,
2020-01-07,Paul Mullin,1.0,
2020-01-11,Peter Clarke,1.0,
2020-01-11,Paul Mullin,1.0,
2020-01-11,Emmanuel Monthe,1.0,
2020-01-11,Morgan Ferrier,1.0,
2020-01-11,Neil Danns,1.0,
2020-01-18,David Perkins,1.0,
2020-01-18,Neil Danns,1.0,
2020-01-18,Emmanuel Monthe,1.0,
2020-01-23,Connor Jennings,1.0,
2020-01-26,Scott Davies,1.0,
2020-01-29,Kane Wilson,1.0,
2020-01-29,Connor Jennings,1.0,
2020-01-29,Emmanuel Monthe,1.0,
2020-02-04,Andy Cook,1.0,
2020-02-08,James Vaughan,1.0,
2020-02-11,Sid Nelson,1.0,
2020-02-11,Morgan Ferrier,1.0,
2020-02-22,Luke McCullough,1.0,
2020-02-22,Andy Cook,1.0,
2020-02-22,Peter Clarke,1.0,
2020-02-22,Scott Davies,1.0,
2020-02-25,James Vaughan,1.0,
2020-02-25,Liam Ridehalgh,1.0,
2020-02-25,Kane Wilson,1.0,
2020-03-07,Connor Jennings,1.0,
2020-03-07,Scott Davies,1.0,
2020-03-07,Liam Ridehalgh,1.0,
2020-03-10,Alex Woodyard,1.0,
2020-09-05,Jay Spearing,1.0,
2020-09-08,Ollie Banks,1.0,
2020-09-08,Calum MacDonald,1.0,
2020-09-19,James Vaughan,1.0,
2020-09-19,Paul Lewis,1.0,
2020-09-29,Calum MacDonald,1.0,
2020-09-29,Paul Lewis,1.0,
2020-10-03,Kieron Morris,1.0,
2020-10-03,Scott Davies,1.0,
2020-10-10,Paul Lewis,1.0,
2020-10-10,Kieron Morris,1.0,
2020-10-10,Otis Khan,1.0,
2020-10-17,Ollie Banks,1.0,
2020-10-24,James Vaughan,1.0,
2020-10-27,Sam Smith,1.0,
2020-10-27,Calum MacDonald,1.0,
2020-10-27,James Vaughan,1.0,
2020-10-31,Otis Khan,1.0,
2020-11-03,Emmanuel Monthe,1.0,
2020-11-14,Scott Davies,1.0,
2020-11-21,Emmanuel Monthe,1.0,
2020-11-24,Paul Lewis,1.0,
2020-11-24,Emmanuel Monthe,1.0,
2020-12-01,Jay Spearing,1.0,
2020-12-08,Sid Nelson,1.0,
2020-12-12,Calum MacDonald,1.0,
2020-12-12,Peter Clarke,1.0,
2020-12-12,Scott Davies,1.0,
2020-12-29,James Vaughan,1.0,
2020-12-29,Liam Feeney,1.0,
2021-01-13,Otis Khan,1.0,
2021-01-16,Jay Spearing,1.0,
2021-01-16,James Vaughan,1.0,
2021-01-19,Scott Davies,1.0,
2021-01-19,Morgan Ferrier,1.0,
2021-01-23,Emmanuel Monthe,1.0,
2021-01-23,Peter Clarke,1.0,
2021-01-26,Calum MacDonald,1.0,
2021-01-26,James Vaughan,1.0,
2021-01-26,Paul Lewis,1.0,
2021-01-30,Jay Spearing,1.0,
2021-02-06,James Vaughan,1.0,
2021-02-09,Jay Spearing,1.0,
2021-02-16,Liam Feeney,1.0,
2021-02-16,James Vaughan,1.0,
2021-02-16,Calum MacDonald,1.0,
2021-02-20,Peter Clarke,1.0,
2021-02-20,Kaiyne Woolery,1.0,
2021-02-20,Paul Lewis,1.0,
2021-02-23,Paul Lewis,1.0,
2021-02-27,James Vaughan,1.0,
2021-02-27,Liam Feeney,1.0,
2021-03-02,Danny Lloyd,1.0,
2021-03-02,Jay Spearing,1.0,
2021-03-06,Peter Clarke,1.0,
2021-03-17,Corey Blackett-Taylor,1.0,
2021-03-17,Liam Ridehalgh,1.0,
2021-03-20,Paul Lewis,1.0,
2021-03-23,Otis Khan,1.0,
2021-03-27,Jay Spearing,1.0,
2021-03-27,Otis Khan,1.0,
2021-04-02,Lee O'Connor,1.0,
2021-04-05,Paul Lewis,1.0,
2021-04-05,Peter Clarke,1.0,
2021-04-10,Calum MacDonald,1.0,
2021-04-13,Jay Spearing,1.0,
2021-04-13,Paul Lewis,1.0,
2021-04-13,James Vaughan,1.0,
2021-04-17,Otis Khan,1.0,
2021-04-17,Kaiyne Woolery,1.0,
2021-04-20,Paul Lewis,1.0,
2021-04-20,Kaiyne Woolery,1.0,
2021-04-20,Danny Lloyd,1.0,
2021-04-24,Peter Clarke,1.0,
2021-05-08,Otis Khan,1.0,
2021-05-20,Jay Spearing,1.0,
2021-05-20,Lee O'Connor,1.0,
2021-05-20,Danny Lloyd,1.0,
2021-05-20,James Vaughan,1.0,
2021-05-23,James Vaughan,1.0,
2021-05-23,Emmanuel Monthe,1.0,
2021-08-07,Callum McManaman,1.0,
2021-08-07,Tom Davies,1.0,
2021-08-07,Joe Murphy,1.0,
2021-08-10,Sam Foley,1.0,
2021-08-14,Jay Spearing,1.0,
2021-08-14,Emmanuel Dieseruvwe,1.0,
2021-08-17,Joe Murphy,1.0,
2021-08-17,Tom Davies,1.0,
2021-08-17,Nat Knight-Percival,1.0,
2021-08-21,Peter Clarke,1.0,
2021-08-21,Emmanuel Dieseruvwe,1.0,
2021-08-28,Chris Merrie,1.0,
2021-08-28,Nat Knight-Percival,1.0,
2021-09-04,Nat Knight-Percival,1.0,
2021-09-04,Peter Clarke,1.0,
2021-09-11,Ryan Watson,1.0,
2021-09-11,Tom Davies,1.0,
2021-09-11,Callum McManaman,1.0,
2021-09-14,Sam Foley,1.0,
2021-09-14,Chris Merrie,1.0,
2021-09-18,Peter Clarke,1.0,
2021-09-18,Josh Hawkes,1.0,
2021-09-25,Sam Foley,1.0,
2021-09-25,Calum MacDonald,1.0,
2021-09-25,Josh Hawkes,1.0,
2021-10-02,Josh Dacres-Cogley,1.0,
2021-10-02,Chris Merrie,1.0,
2021-10-05,Calum MacDonald,1.0,
2021-10-05,Nat Knight-Percival,1.0,
2021-10-05,Emmanuel Dieseruvwe,1.0,
2021-10-05,Chris Merrie,1.0,
2021-10-16,Jay Spearing,1.0,
2021-10-16,Josh Hawkes,1.0,
2021-10-19,Josh Dacres-Cogley,1.0,
2021-10-23,Jay Spearing,1.0,
2021-10-30,Jay Spearing,1.0,
2021-11-06,Elliott Nevitt,1.0,
2021-11-06,Peter Clarke,1.0,
2021-11-06,Emmanuel Dieseruvwe,1.0,
2021-11-13,Jay Spearing,1.0,
2021-11-13,Nat Knight-Percival,1.0,
2021-11-20,Calum MacDonald,1.0,
2021-11-20,Tom Davies,1.0,
2021-11-20,Nat Knight-Percival,1.0,
2021-12-04,Nat Knight-Percival,1.0,
2021-12-04,Josh Dacres-Cogley,1.0,
2021-12-04,Jay Spearing,1.0,
2021-12-11,Charlie Jolley,1.0,
2021-12-18,Tom Davies,1.0,
2021-12-26,Peter Clarke,1.0,
2021-12-26,Elliott Nevitt,1.0,
2021-12-26,Jay Spearing,1.0,
2022-01-08,Lee O'Connor,1.0,
2022-01-11,Tom Davies,1.0,
2022-01-15,Charlie Jolley,1.0,
2022-01-15,Ross Doohan,1.0,
2022-01-22,Kane Hemmings,1.0,
2022-01-22,Jay Spearing,1.0,
2022-01-29,Peter Clarke,1.0,
2022-02-05,Josh Dacres-Cogley,1.0,
2022-02-08,Tom Davies,1.0,
2022-02-12,Lewis Warrington,1.0,
2022-02-15,Sam Foley,1.0,
2022-02-15,Calum MacDonald,1.0,
2022-02-19,Kieron Morris,1.0,
2022-02-19,Kane Hemmings,1.0,
2022-02-26,Calum MacDonald,1.0,
2022-02-26,Lewis Warrington,1.0,
2022-03-05,Callum McManaman,1.0,
2022-03-05,Josh McPake,1.0,
2022-03-05,Lee O'Connor,1.0,
2022-03-15,Josh McPake,1.0,
2022-03-15,Joe Murphy,1.0,
2022-03-15,Peter Clarke,1.0,
2022-03-19,Elliott Nevitt,1.0,
2022-03-26,Peter Clarke,1.0,
2022-03-26,Tom Davies,1.0,
2022-03-26,Charlie Jolley,1.0,
2022-03-26,Sam Foley,1.0,
2022-04-02,Kane Hemmings,1.0,
2022-04-02,Peter Clarke,1.0,
2022-04-02,Josh Dacres-Cogley,1.0,
2022-04-02,Joe Murphy,1.0,
2022-04-02,Tom Davies,1.0,
2022-04-09,Kane Hemmings,1.0,
2022-04-09,Jay Spearing,1.0,
2022-04-09,Chris Merrie,1.0,
2022-04-15,Peter Clarke,1.0,
2022-04-15,Nicky Maynard,1.0,
2022-04-15,Sam Foley,1.0,
2022-04-18,Tom Davies,1.0,
2022-04-18,Elliott Nevitt,1.0,
2022-04-23,Jay Spearing,1.0,
2022-04-30,Lewis Warrington,1.0,
2022-04-30,Lee O'Connor,1.0,
2022-05-07,Lewis Warrington,1.0,
2022-05-07,Lee O'Connor,1.0,
2022-05-07,Kane Hemmings,1.0,
2022-05-07,Tom Davies,1.0,
2022-07-30,Reece McAlear,1.0,
2022-08-06,Kane Hemmings,1.0,
2022-08-16,Kyle Jameson,1.0,
2022-08-16,Jordan Turnbull,1.0,
2022-08-24,Kane Hemmings,1.0,
2022-08-27,Neill Byrne,1.0,
2022-09-03,Neill Byrne,1.0,
2022-09-13,Neill Byrne,1.0,
2022-09-13,Reece McAlear,1.0,
2022-09-13,Kane Hemmings,1.0,
2022-09-17,Kane Hemmings,1.0,
2022-09-17,Jordan Turnbull,1.0,
2022-09-20,Paul Lewis,1.0,
2022-09-20,Dynel Simeu,1.0,
2022-09-20,Arthur Lomax,1.0,
2022-09-24,Kane Hemmings,1.0,
2022-09-24,Reece McAlear,1.0,
2022-10-01,Chris Merrie,1.0,
2022-10-04,Kyle Jameson,1.0,
2022-10-04,Elliott Nevitt,1.0,
2022-10-04,Paul Lewis,1.0,
2022-10-04,Jon Nolan,1.0,
2022-10-08,Josh Hawkes,1.0,
2022-10-08,Chris Merrie,1.0,
2022-10-14,Chris Merrie,1.0,
2022-10-18,Kyle Jameson,1.0,
2022-10-18,Lee O'Connor,1.0,
2022-10-22,Jordan Turnbull,1.0,
2022-10-25,Dynel Simeu,1.0,
2022-11-01,Lee O'Connor,1.0,
2022-11-05,Tom Davies,1.0,
2022-11-12,Jordan Turnbull,1.0,
2022-11-12,Dynel Simeu,1.0,
2022-11-12,Elliott Nevitt,1.0,
2022-11-19,Tom Davies,1.0,
2022-11-19,Josh Hawkes,1.0,
2022-11-22,Chris Merrie,1.0,
2022-11-22,Jordan Turnbull,1.0,
2022-11-22,Kane Hemmings,1.0,
2022-12-03,Ethan Bristow,1.0,
2022-12-03,Ross Doohan,1.0,
2022-12-03,Kane Hemmings,1.0,
2022-12-10,Paul Lewis,1.0,
2022-12-26,Ethan Bristow,1.0,
2022-12-29,Jordan Turnbull,1.0,
2023-01-01,Tom Davies,1.0,
2023-01-07,Kieron Morris,1.0,
2023-01-07,Kane Hemmings,1.0,
2023-01-07,Lee O'Connor,1.0,
2023-01-07,Joel Mumbongo,1.0,
2023-01-14,Jordan Turnbull,1.0,
2023-01-14,Kieron Morris,1.0,
2023-02-04,Tom Davies,1.0,
2023-02-07,Jordan Turnbull,1.0,
2023-02-07,Brad Walker,1.0,
2023-02-07,Regan Hendry,1.0,
2023-02-11,Jordan Turnbull,1.0,
2023-02-11,Lee O'Connor,1.0,
2023-02-14,Tom Davies,1.0,
2023-02-25,Josh Dacres-Cogley,1.0,
2023-02-25,Tom Davies,1.0,
2023-02-25,Regan Hendry,1.0,
2023-02-25,Josh Hawkes,1.0,
2023-02-28,Brad Walker,1.0,
2023-03-11,Regan Hendry,1.0,
2023-03-18,Harvey Saunders,1.0,
2023-03-25,Joe Murphy,1.0,
2023-03-25,Joel Mumbongo,1.0,
2023-03-25,Josh Dacres-Cogley,1.0,
2023-03-25,Jordan Turnbull,1.0,
2023-03-25,Regan Hendry,1.0,
2023-03-25,Ethan Bristow,1.0,
2023-03-25,Tom Davies,1.0,
2023-03-25,Harvey Saunders,1.0,
2023-03-31,Regan Hendry,1.0,
2023-03-31,Josh Dacres-Cogley,1.0,
2023-03-31,Jordan Turnbull,1.0,
2023-04-07,Kane Hemmings,1.0,
2023-04-15,Jordan Turnbull,1.0,
2023-04-15,Jay Turner-Cook,1.0,
2023-04-15,Regan Hendry,1.0,
2023-04-18,Kane Hemmings,1.0,
2023-04-22,Jordan Turnbull,1.0,
2023-05-08,Tom Davies,1.0,
2023-08-05,Regan Hendry,1.0,
2023-08-05,Lee O'Connor,1.0,
2023-08-08,Paul Lewis,1.0,
2023-08-08,Jake Leake,1.0,
2023-08-12,Tom Davies,1.0,
2023-08-15,Luke Norris,,53.0
2023-08-15,Jake Leake,,70.0
